numero_processo;uf;comarca;cliente;parte_contraria;grupo_parte_contraria;juizo_vara;sistema;situacoes;responsavel;data_distribuicao;ano_distribuicao;data_ultimo_andamento;ultimo_andamento;url_processo
50008565220268210115;RS;Pedro Osório;ANTONIO CARLOS BANDEIRA DE AVILA;BANCO AGIBANK S.A;Banco Agibank;Juízo da Vara Judicial da Comarca de Pedro Osório;EPROC TJRS;;JOSELTON CALMON BRAZ CORREIA;2026-06-30;2026;2026-09-23;Disponibilizado no DJEN - no dia 23/09/2026 - Refer. aos Eventos: 39, 40;https://eproc1g.tjrs.jus.br/eproc/controlador.php?acao=processo_selecionar&acao_origem=processo_consultar&acao_retorno=processo_consultar&num_processo=50008565220268210115&hash=c34db163dd6357d283c52227226e552d
4018465-68.2026.8.26.0554;SP;Santo André;TIAGO CARDOZO;BANCO AGIBANK S.A;Banco Agibank;Juízo Titular I - Vara do Juizado Especial Cível da Comarca de Santo André;EPROC TJSP;;JOSELTON CALMON BRAZ CORREIA;2026-07-28;2026;2026-09-23;RÉPLICA;https://eproc-consulta.tjsp.jus.br/consulta_1g/externo_controlador.php?acao=tjsp@consulta_publica_eproc/exibir_processo&acao_origem=tjsp@consulta_publica_eproc/consultar&acao_retorno=tjsp@consulta_publica_eproc/consultar&num_processo=40184656820268260554
5003465-25.2026.8.21.0077;RS;Venâncio Aires;CLECIO ANTONIO BUCHNER;BANCO AGIBANK S.A;Banco Agibank;Juízo do Juizado Especial Cível Adjunto da Comarca de Venâncio Aires;EPROC TJRS;LIMINAR DEFERIDA;Calmon & Freitas Advogados;2026-04-15;2026;2026-09-22;Intime-se o recorrente para comprovar a impossibilidade de arcar com as custas do processo, no prazo de 10 dias, juntando aos autos a última declaração do imposto de renda ou documento atualizado a de;https://eproc1g.tjrs.jus.br/eproc/controlador.php?acao=processo_selecionar&acao_origem=processo_consultar&acao_retorno=processo_consultar&num_processo=50034652520268210077&hash=ce24266fe1b8a7b8eca3916d67659fb1
5215673-91.2026.8.21.0001;RS;Porto Alegre;NILTON BARBOZA;BANCO AGIBANK S.A;Banco Agibank;4º JUIZADO ESPECIAL CÍVEL - PORTO ALEGRE/RS;EPROC TJRS;LIMINAR DEFERIDA;Calmon & Freitas Advogados;2026-07-28;2026;2026-09-22;NILTON BARBOZA x BANCO AGIBANK S.A - Realizado.;
3001752-29.2026.8.06.0154;CE;Quixeramobim;MARIA JOSE TELIS DE LIMA;BANCO AGIBANK S.A;Banco Agibank;Comarca de Quixeramobim;PJE TJCE;;JOSELTON CALMON BRAZ CORREIA;2026-06-12;2026;2026-09-22;Maria x Agibank - Realizado.;
3001429-75.2026.8.06.0137;CE;Pacatuba;JOSE CARLOS DE OLIVEIRA BASTOS;BANCO AGIBANK S.A;Banco Agibank;Comarca de Pacatuba;PJE TJCE;;JOSELTON CALMON BRAZ CORREIA;2026-05-25;2026;2026-09-22;Jose Carlos x Agibank - Realizado.;
3095514-73.2026.8.06.0001;CE;Fortaleza;MARIA ELISENE RIBEIRO CAVALCANTE;BANCO AGIBANK S.A;Banco Agibank;Comarca de Fortaleza;PJE TJCE;;JOSELTON CALMON BRAZ CORREIA;2026-09-22;2026;2026-09-22;Conclusos para decisão;
3002316-63.2026.8.06.0071;CE;Crato;EDIVAN DE FREITAS FRANCA;BANCO MERCANTIL DO BRASIL SA;Outros;Comarca de Crato;PJE TJCE;;Calmon & Freitas Advogados;2026-04-22;2026;2026-09-22;Conclusos para decisão;
3001070-33.2026.8.06.6117;CE;Maracanaú;EDUARDO SALES DE LIMA;BANCO AGIBANK S.A;Banco Agibank;Comarca de Maracanaú - Juizados Especiais Cíveis e Criminais;PJE TJCE;;JOSELTON CALMON BRAZ CORREIA;2026-05-25;2026;2026-09-22;Expedida/certificada a comunicação eletrônica Documento: 242188327;
0140475-66.2023.8.17.2001;PE;Não informada;VOLTZ MOTORS DO BRASIL COMERCIO DE MOTOCICLETAS LTDA;RAFAEL DE ALENCAR XIMENES;Outros;—;—;;Calmon & Freitas Advogados;2025-09-28;2025;2026-09-22;Juntada de Petição de manifestação do ministério público;
0004645-56.2026.8.05.0256;BA;Teixeira de Freitas;LUCIO DE JESUS RODRIGUES;BANCO AGIBANK S.A;Banco Agibank;1ª Vara do Sistema Juizados - Teixeira de Freitas;PROJUDI TJBA;;JOSELTON CALMON BRAZ CORREIA;2026-07-31;2026;2026-09-22;"N° 27
Decorrido prazo de Advogados de BANCO AGIBANK S.A 
Decorrido prazo de Advogados de BANCO AGIBANK S.A
*Referente ao evento Procedência em Parte(01/09/26). Prazo: 10 dias; Último dia de prazo 21/0";
0113844-02.2026.8.05.0001;BA;Salvador;JOSIMO GOMES DOS SANTOS;BANCO AGIBANK S.A;Banco Agibank;8ª VSJE DO CONSUMIDOR (VESPERTINO);PROJUDI TJBA;;JOSELTON CALMON BRAZ CORREIA;2026-05-26;2026;2026-09-22;"N° 46
Juntada de Petição de Contrarrazões Recursais 
Juntada de Petição de Contrarrazões Recursais
Movimentado por: AMANDA ALVARENGA CAMPOS VELOSO";
3000931-16.2026.8.06.6171;CE;Tauá;NATAN DA TRINDADE;BANCO AGIBANK S.A;Banco Agibank;Comarca de Tauá - Juizados Especiais Cíveis e Criminais;PJE TJCE;;Calmon & Freitas Advogados;2026-07-28;2026;2026-09-22;Disponibilizado no DJ Eletrônico em 22/09/2026 Documento: 241881851;
5026324-09.2026.8.21.0021;RS;Passo Fundo;DOUGLAS CESAR SODRE;BANCO AGIBANK S.A;Banco Agibank;2º Juízo da 5ª Vara Cível da Comarca de Passo Fundo;EPROC TJRS;;JOSELTON CALMON BRAZ CORREIA;2026-07-28;2026;2026-09-22;"Disponibilizado no DJEN
Usuário: secde";https://eproc1g.tjrs.jus.br/eproc/controlador.php?acao=processo_selecionar&acao_origem=processo_consultar&acao_retorno=processo_consultar&num_processo=50263240920268210021&hash=6746a70b11028c29463610063904b41a
3000917-26.2026.8.06.6173;CE;Tianguá;JOSE LUIZ RAMOS;BANCO AGIBANK S.A;Banco Agibank;Comarca de Tianguá - Juizados Especiais Cíveis e Criminais;PJE TJCE;;JOSELTON CALMON BRAZ CORREIA;2026-07-27;2026;2026-09-22;Jose Luiz Ramon x Agibank - Realizado.;
3001719-55.2026.8.06.6001;CE;Fortaleza;ALEXANDRA DA SILVA BARBOSA GRACA;BANCO SANTANDER (BRASIL) S.A.;Santander;Comarca de Fortaleza - Juizados Especiais Cível, Criminal e da Fazenda Pública;PJE TJCE;;Calmon & Freitas Advogados;2026-02-10;2026;2026-09-22; Intime-se a parte autora ALEXANDRA DA SILVA BARBOSA GRACA , por seu advogado, para a comprovação ora exigida, no prazo de cinco dias, sob pena de deserção do recurso.;
5005192-47.2026.8.21.0003;RS;Alvorada;WANESSA DE FREITAS TOMÉ;BANCO DAYCOVAL S.A.;Daycoval;Juízo do Juizado Especial Cível da Comarca de Alvorada;EPROC TJRS;;Calmon & Freitas Advogados;2026-03-13;2026;2026-09-21;RECURSO INOMINADO;https://eproc1g.tjrs.jus.br/eproc/controlador.php?acao=processo_selecionar&acao_origem=processo_consultar&acao_retorno=processo_consultar&num_processo=50051924720268210003&hash=60f1c720de300a612f77360dbf1d84b5
8162790-63.2026.8.05.0001;BA;Salvador;LARISSA FRONTADO DE SOUZA;FUNDACAO GETULIO VARGAS;Outros;7ª V DA FAZENDA PÚBLICA DE SALVADOR;PJE TJBA;;JOSELTON CALMON BRAZ CORREIA;2026-08-07;2026;2026-09-21;AGRAVO DE INSTRUMENTO;
3001129-89.2026.8.06.0048;CE;Baturité;ANTONIA DE FATIMA ROSENDO;BANCO AGIBANK S.A;Banco Agibank;Comarca de Baturité;PJE TJCE;;JOSELTON CALMON BRAZ CORREIA;2026-08-31;2026;2026-09-21;Juntada de certidão;
3001252-34.2026.8.06.6112;CE;Juazeiro do Norte;DAMIAO FRANCISCO DOS SANTOS;BANCO AGIBANK S.A;Banco Agibank;Comarca de Juazeiro do Norte - Juizados Especiais Cíveis e Criminais;PJE TJCE;;JOSELTON CALMON BRAZ CORREIA;2026-05-05;2026;2026-09-21;Expedida/certificada a comunicação eletrônica Documento: 241697357;
8002750-75.2026.8.05.0044;BA;Candeias;JAILSON BATISTA ALVES DE CARVALHO;BANCO AGIBANK S.A;Banco Agibank;1ª VARA DOS FEITOS RELATIVOS ÀS RELAÇÕES DE CONSUMO, CÍVEIS E COMERCIAIS DA COMARCA DE CANDEIAS;PJE TJBA;;JOSELTON CALMON BRAZ CORREIA;2026-05-25;2026;2026-09-21;Publicado Intimação em 21/09/2026.;
5022510-28.2026.8.21.0008;RS;Canoas;ROSITA DA SILVA SENANDES;BANCO AGIBANK S.A;Banco Agibank;Juízo do Juizado Especial Cível da Comarca de Canoas;EPROC TJRS;;JOSELTON CALMON BRAZ CORREIA;2026-05-25;2026;2026-09-21;Juntada de certidão - alteração do prazo - 21/09/2026 - Motivo: SUSPENSÃO DE PRAZOS PROCESSUAIS - ATO CONJUNTO 005/2026 - P e CGJ;https://eproc1g.tjrs.jus.br/eproc/controlador.php?acao=processo_selecionar&acao_origem=processo_consultar&acao_retorno=processo_consultar&num_processo=50225102820268210008&hash=70caf936ce46c8cbf571d6f55d45a738
0001960-33.2026.8.05.0141;BA;Jequié;FELIX JOSE RIBEIRO GALVAO;BANCO AGIBANK S.A;Banco Agibank;2ª Vara do Sistema dos Juizados - JEQUIÉ;PROJUDI TJBA;;JOSELTON CALMON BRAZ CORREIA;2026-04-28;2026;2026-09-21;"N° 62
Disponibilização no Diário da Justiça Eletrônico - DJEN 
Disponibilização no Diário da Justiça Eletrônico - DJEN
Disponibilização no Diário da Justiça Eletrônico em (23/09/26) para BANCO AGIBANK";
0019424-05.2026.8.05.0001;BA;Salvador;SABRINA DE MELO SPOSITO MAGALHAES;CONDOMINIO DIAMOND;Outros;1ª VSJE DE CAUSAS COMUNS (MATUTINO);PROJUDI TJBA;;Calmon & Freitas Advogados;2026-02-01;2026;2026-09-21;"N° 93
Conclusos para Despacho 
Conclusos para Despacho
Movimentado por: MARINA MARIANO CUNHA";
3021969-12.2026.8.06.6001;CE;Fortaleza;FRANCISCA NASCIMENTO DE FREITAS;BANCO AGIBANK S.A;Banco Agibank;Comarca de Fortaleza - Juizados Especiais Cível, Criminal e da Fazenda Pública;PJE TJCE;Em fase de recurso;JOSELTON CALMON BRAZ CORREIA;2026-05-25;2026;2026-09-21;Publicado Intimação da Sentença em 21/09/2026. Documento: 240332252;
0034004-40.2026.8.05.0001;BA;Salvador;SAULO DIAS DE MAGALHAES;CONDOMINIO DIAMOND;Outros;3ª VSJE DE CAUSAS COMUNS (MATUTINO);PROJUDI TJBA;;Calmon & Freitas Advogados;2026-02-22;2026;2026-09-21;"N° 90
Juntada de Petição de Outros Tipos de Petição 
Juntada de Petição de Outros Tipos de Petição
Movimentado por: MARINA MARIANO CUNHA";
8228833-16.2025.8.05.0001;BA;Salvador;LORENA AMANDA CARVALHO OLIVEIRA;G. C. O. - CPF: 136.552.535-08;Outros;7ª VARA DE RELAÇÕES DE CONSUMO DA COMARCA DE SALVADOR;PJE TJBA;;Calmon & Freitas Advogados;2025-11-26;2025;2026-09-21;Ato ordinatório praticado;
0003192-92.2026.8.05.0137;BA;Jacobina;ADRIELLE VITORINO GONCALVES;BANCO AGIBANK S.A;Banco Agibank;1ª Vara do Sistema dos Juizados - JACOBINA;PROJUDI TJBA;;JOSELTON CALMON BRAZ CORREIA;2026-07-10;2026;2026-09-21;"N° 50
Ato ordinatório praticado 
Ato ordinatório praticado
Movimentado por: VALDIR ARAUJO";
8158820-89.2025.8.05.0001;BA;Salvador;RAFAEL FREITAS ARAUJO;HYUNDAI CAOA DO BRASIL LTDA;Outros;1ª VARA DE RELAÇÕES DE CONSUMO DA COMARCA DE SALVADOR;PJE TJBA;;Calmon & Freitas Advogados;2025-08-28;2025;2026-09-21;Juntada de Petição de petição;
3002423-30.2025.8.06.0011;CE;Fortaleza;ANTONIETA VIEIRA SOARES;BANCO SANTANDER (BRASIL) S.A.;Santander;18ª Unidade do Juizado Especial Cível da Comarca de Fortaleza;PJE TJCE;;Calmon & Freitas Advogados;2025-11-30;2025;2026-09-21;Conclusos para decisão;
1000230-33.2026.8.13.0145;MG;Juiz de Fora;JUAREZ ANTONIO FERNANDES;Não informada;Outros;Juízo da 2ª Unidade Jurisdicional - 3º JD da Comarca de Juiz de Fora;EPROC TJMG;SOBRESTADO;Calmon & Freitas Advogados;2026-01-07;2026;2026-09-21;Publicado no DJEN - no dia 21/09/2026 - Refer. aos Eventos: 109, 110;https://eproc1g.tjmg.jus.br/eproc/
3078350-95.2026.8.06.0001;CE;Fortaleza;JOSE VALBERTO FONSECA ALVES;BANCO AGIBANK S.A;Banco Agibank;Comarca de Fortaleza;PJE TJCE;;JOSELTON CALMON BRAZ CORREIA;2026-08-17;2026;2026-09-21;Desapensado do processo 3016507-74.2026.8.06.6001;
0115590-07.2023.8.05.0001;BA;Salvador;GISLENE DA SILVA MATOS;INSTITUTO DE PESQUISA SAUDE E EDUCACAO;Outros;3ª VSJE DE CAUSAS COMUNS (MATUTINO);—;;Calmon & Freitas Advogados;2023-06-30;2023;2026-09-21;"N° 70
Juntada de Petição 
Juntada de Petição
Movimentado por: RAFAEL FREITAS ARAUJO";
3082990-44.2026.8.06.0001;CE;Fortaleza;DALVILENE DOS SANTOS VIEIRA DIAS;BANCO AGIBANK S.A;Banco Agibank;Comarca de Fortaleza;PJE TJCE;;JOSELTON CALMON BRAZ CORREIA;2026-08-25;2026;2026-09-21;Publicado Intimação em 21/09/2026. Documento: 237861373;
0093194-31.2026.8.05.0001;BA;Salvador;JUCIREMA CARVALHO OLIVEIRA;BANCO AGIBANK S.A;Banco Agibank;7ª VSJE DO CONSUMIDOR (MATUTINO);PROJUDI TJBA;;JOSELTON CALMON BRAZ CORREIA;2026-05-04;2026;2026-09-21;<strong></strong><BR><br/>Publicação <br/>Processo: 0093194-31.2026.8.05.0001 <br/>Órgão: Primeira Turma Recursal <br/>Data de disponibilização: 21/09/2026 <br/>Tipo de comunicação: Intimação <br/>Mei;
0019490-39.2026.8.05.0080;BA;Feira de Santana;GUERIBALDO FERREIRA GUEDES;BANCO AGIBANK S.A;Banco Agibank;4ª Vara do Sistema dos Juizados - FEIRA DE SANTANA;PROJUDI TJBA;;JOSELTON CALMON BRAZ CORREIA;2026-05-25;2026;2026-09-21;<strong></strong><BR><br/>Publicação <br/>Processo: 0019490-39.2026.8.05.0080 <br/>Órgão: 4ª Vara do Sistema dos Juizados - FEIRA DE SANTANA <br/>Data de disponibilização: 21/09/2026 <br/>Tipo de comu;
8058818-77.2026.8.05.0001;BA;Salvador;RAFAEL FREITAS ARAUJO;HS DO BRASIL LTDA.;Outros;14ª VARA DE RELAÇÕES DE CONSUMO DA COMARCA DE SALVADOR;PJE TJBA;RAFAEL FREITAS;Calmon & Freitas Advogados;2026-03-31;2026;2026-09-20;Juntada de Petição de contra-razões;
8003635-29.2023.8.05.0001;BA;Salvador;VITOR BRUNO SANTOS ALVES;BARINAS HOLDINGS S.A.;Outros;5ª VARA DE RELAÇÕES DE CONSUMO DA COMARCA DE SALVADOR;PJE TJBA;;Calmon & Freitas Advogados;2023-01-14;2023;2026-09-20;Juntada de Petição de petição;
3001568-63.2026.8.06.0028;CE;Acaraú;MARIA DE LOURDES DOS SANTOS;BANCO AGIBANK S.A;Banco Agibank;Comarca de Acaraú;PJE TJCE;;JOSELTON CALMON BRAZ CORREIA;2026-07-27;2026;2026-09-20;Arquivado Definitivamente;
0129124-13.2026.8.05.0001;BA;Salvador;MARIA AUXILIADORA TINOCO NETO;BANCO AGIBANK S.A;Banco Agibank;5ª VSJE DO CONSUMIDOR (MATUTINO);PROJUDI TJBA;Em fase de recurso;JOSELTON CALMON BRAZ CORREIA;2026-06-15;2026;2026-09-20;"N° 56
Disponibilização no Diário da Justiça Eletrônico - DJEN 
Disponibilização no Diário da Justiça Eletrônico - DJEN
Disponibilização no Diário da Justiça Eletrônico em (22/09/26) para BANCO AGIBANK";
0118471-49.2026.8.05.0001;BA;Salvador;FABIO SAMARTIN FERNANDES;ANIEL FLORES E PRESENTES LTDA;Outros;11ª VSJE DO CONSUMIDOR (MATUTINO);PROJUDI TJBA;;Calmon & Freitas Advogados;2026-06-01;2026;2026-09-20;"N° 50
Juntada de Petição de Embargos de Declaração 
Juntada de Petição de Embargos de Declaração
Movimentado por: RAFAEL FREITAS ARAUJO";
0013011-14.2026.8.05.0150;BA;Lauro de Freitas;DAYSE MARIA PEREIRA;NU PAGAMENTOS S A INSTITUICAO DE PAGAMENTO;Outros;2ª Vara do Sistema dos Juizados - LAURO DE FREITAS;PROJUDI TJBA;;JOSELTON CALMON BRAZ CORREIA;2026-08-11;2026;2026-09-20;"N° 16
Juntada de Certidão 
Juntada de Certidão
Movimentado por: DANIELA DE JESUS SILVA ALMEIDA";
8101080-76.2025.8.05.0001;BA;Salvador;MARCOS DAVID DOS REIS;BANCO PAN S.A;Banco Pan;3ª VARA DE RELAÇÕES DE CONSUMO DA COMARCA DE SALVADOR;PJE TJBA;;Calmon & Freitas Advogados;2025-06-06;2025;2026-09-19;Disponibilizado no DJ Eletrônico em 18/09/2026;
3031537-52.2026.8.06.6001;CE;Fortaleza;NELSA MARIA DA SILVA;BANCO AGIBANK S.A;Banco Agibank;Comarca de Fortaleza - Juizados Especiais Cível, Criminal e da Fazenda Pública;—;;Calmon & Freitas Advogados;2026-07-13;2026;2026-09-19;Proferido despacho de mero expediente;
1063515-78.2024.4.01.3300;BA;Salvador;TAIS ROCHA SOUZA;N. L. R. M.;Outros;9ª Vara Federal de Juizado Especial Cível da SJBA;—;;Calmon & Freitas Advogados;2024-10-16;2024;2026-09-19;Cancelada a movimentação processual;
3002377-37.2026.8.06.6112;CE;Juazeiro do Norte;DAMIAO FRANCISCO DOS SANTOS;BANCO AGIBANK S.A;Banco Agibank;Comarca de Juazeiro do Norte - Juizados Especiais Cíveis e Criminais;PJE TJCE;LIMINAR DEFERIDA;Calmon & Freitas Advogados;2026-07-28;2026;2026-09-18;Conclusos para julgamento;
5018131-05.2026.8.21.0021;RS;Passo Fundo;NAIR CARDOSO LEMOS;BANCO AGIBANK S.A;Banco Agibank;Juízo do Juizado Especial Cível da Comarca de Passo Fundo;EPROC TJRS;;JOSELTON CALMON BRAZ CORREIA;2026-06-01;2026;2026-09-18;Decorrido prazo - Refer. ao Evento: 35;https://eproc1g.tjrs.jus.br/eproc/controlador.php?acao=processo_selecionar&acao_origem=processo_consultar&acao_retorno=processo_consultar&num_processo=50181310520268210021&hash=f2819f6a83350261939019c4e93b5554
3058782-93.2026.8.06.0001;CE;Fortaleza;JOSE ADAILDO BARRETO;BANCO AGIBANK S.A;Banco Agibank;Comarca de Fortaleza;PJE TJCE;;JOSELTON CALMON BRAZ CORREIA;2026-06-30;2026;2026-09-18;Ato ordinatório praticado;
5001945-08.2026.8.13.0512;MG;Pirapora;JOSE CARLOS VIRGINIO;BANCO AGIBANK S.A;Banco Agibank;Unidade Jurisdicional da Comarca de Pirapora;PJE TJMG;;Calmon & Freitas Advogados;2026-03-27;2026;2026-09-18;Decorrido prazo de BANCO AGIBANK S.A em 17/09/2026 23:59.;
3004942-16.2026.8.06.6001;CE;Fortaleza;ALEXANDRA DA SILVA BARBOSA GRACA;BANCO BMG SA;Banco BMG;Comarca de Fortaleza - Juizados Especiais Cível, Criminal e da Fazenda Pública;PJE TJCE;;Calmon & Freitas Advogados;2026-03-02;2026;2026-09-18;Conclusos para decisão;
8147372-85.2026.8.05.0001;BA;Salvador;ZENAIDE COSTA PEREIRA;ARIADNA COSTA PEREIRA - CPF: 308.674.015-91;Outros;4ª VARA DE SUCESSOES, ORFAOS E INTERDITOS DA COMARCA DE SALVADOR;—;;Calmon & Freitas Advogados;2026-07-24;2026;2026-09-18;Juntada de outros documentos;
3002334-85.2026.8.06.0297;CE;Núcleo de Justiça 4.0 (virtual);JOSE NAZARENO OLIVEIRA BEZERRA;BANCO SANTANDER (BRASIL) S.A.;Santander;Núcleo de Justiça 4.0;PJE TJCE;;Calmon & Freitas Advogados;2026-03-19;2026;2026-09-18;Juntada de Petição de Contra-razões;
5001231-32.2026.8.21.0122;RS;Santo Antônio das Missões;MICHELE CRUZ DA SILVA;BANCO AGIBANK S.A;Banco Agibank;Juízo do Juizado Especial Cível Adjunto da Comarca de Santo Antônio das Missões;EPROC TJRS;;JOSELTON CALMON BRAZ CORREIA;2026-07-27;2026;2026-09-18;"Decorrido prazo
Usuário: SECFP";https://eproc1g.tjrs.jus.br/eproc/controlador.php?acao=processo_selecionar&acao_origem=processo_consultar&acao_retorno=processo_consultar&num_processo=50012313220268210122&hash=284fb438244c5dd07ddb9f8e51b30905
8051267-46.2026.8.05.0001;BA;Salvador;MATEUS DA SILVA REIS;IDUS COMERCIO DE VEICULOS LTDA;Outros;6ª VARA DE RELAÇÕES DE CONSUMO DA COMARCA DE SALVADOR;PJE TJBA;;Calmon & Freitas Advogados;2026-03-21;2026;2026-09-18;Não confirmada a citação eletrônica;
1002570-52.2025.8.13.0672;MG;Sete Lagoas;GIRLENE HELENA DE SOUZA SILVA;BANCO BMG S A;Banco BMG;Juízo da Unidade Jurisdicional Única do Juizado Especial - 2º JD da Comarca de Sete Lagoas;EPROC TJMG;LIMINAR DEFERIDA;Calmon & Freitas Advogados;2025-11-08;2025;2026-09-18;Conclusos para Despacho;None
0003573-53.2026.8.05.0088;BA;Guanambi;STEFFANY VITORIA PEREIRA NOVAES SOARES;BANCO AGIBANK S.A;Banco Agibank;1ª Vara do Sistema dos Juizados - GUANAMBI;PROJUDI TJBA;;JOSELTON CALMON BRAZ CORREIA;2026-08-17;2026;2026-09-18;<strong></strong><BR><br/>Publicação <br/>Processo: 0003573-53.2026.8.05.0088 <br/>Órgão: 1ª Vara do Sistema dos Juizados - GUANAMBI <br/>Data de disponibilização: 18/09/2026 <br/>Tipo de comunicação:;
5018451-32.2026.8.21.2001;RS;Porto Alegre;GUILHERME PEDROSO CAPRA;AMAZON SERVICOS DE VAREJO DO BRASIL LTDA.;Outros;Juízo do 7º Juizado Especial Cível e Criminal do Foro Regional da Zona Norte da Comarca de P Alegre;EPROC TJRS;;Calmon & Freitas Advogados;2026-08-18;2026;2026-09-17;PETIÇÃO PROTOCOLADA JUNTADA;https://eproc1g.tjrs.jus.br/eproc/controlador.php?acao=processo_selecionar&acao_origem=processo_consultar&acao_retorno=processo_consultar&num_processo=50184513220268212001&hash=43de693b72a5619831b5d79b9f7388ca
3001276-47.2026.8.06.6117;CE;Maracanaú;GIRLENE PERPETUA DE SOUZA;BANCO AGIBANK S.A;Banco Agibank;Comarca de Maracanaú - Juizados Especiais Cíveis e Criminais;PJE TJCE;;JOSELTON CALMON BRAZ CORREIA;2026-06-17;2026;2026-09-17;Girlene x Agibank - Realizado.;
5004921-41.2026.8.21.0002;RS;Alegrete;KATHY ANDREA NUNEZ ALVEZ;BANCO AGIBANK S.A;Banco Agibank;Juízo do Juizado Especial Cível Adjunto da Comarca de Alegrete;EPROC TJRS;;JOSELTON CALMON BRAZ CORREIA;2026-06-08;2026;2026-09-17;PETIÇÃO PROTOCOLADA JUNTADA;https://eproc1g.tjrs.jus.br/eproc/controlador.php?acao=processo_selecionar&acao_origem=processo_consultar&acao_retorno=processo_consultar&num_processo=50049214120268210002&hash=bfb5ea07f6f4a9dd0f877f2f3d3bda48
8000344-12.2026.8.05.0164;BA;Mata de São João;RISALVA FAGUNDES COTRIM TELLES;CONDOMINIO PRAIA BELLA;Outros;V DOS FEITOS DE REL DE CONS CIV E COMERCIAIS DE MATA DE SÃO JOÃO;—;;Calmon & Freitas Advogados;2026-02-07;2026;2026-09-17;Proferido despacho de mero expediente;
3003618-88.2026.8.06.6001;CE;Fortaleza;FRANCISCA DEUSIMAR OLIVEIRA DOS SANTOS;BANCO BMG SA;Banco BMG;Comarca de Fortaleza - Juizados Especiais Cível, Criminal e da Fazenda Pública;PJE TJCE;SOBRESTADO;Calmon & Freitas Advogados;2026-02-23;2026;2026-09-17;Expedição de Outros documentos.;
3024985-71.2026.8.06.6001;CE;Fortaleza;RAMILIA MARIA SOUZA DE FREITAS;BANCO AGIBANK S.A;Banco Agibank;Comarca de Fortaleza - Juizados Especiais Cível, Criminal e da Fazenda Pública;PJE TJCE;;JOSELTON CALMON BRAZ CORREIA;2026-06-08;2026;2026-09-17;Publicado Intimação em 17/09/2026. Documento: 240704447;
0003490-72.2026.8.05.0141;BA;Jequié;FELIX JOSE RIBEIRO GALVAO;BANCO AGIBANK S.A;Banco Agibank;2ª Vara do Sistema dos Juizados - JEQUIÉ;PROJUDI TJBA;;Calmon & Freitas Advogados;2026-07-28;2026;2026-09-16;FELIX JOSE RIBEIRO GALVAO x AGIBANK - Realizado.;
50192214520268210022;RS;Pelotas;DELCY BRUM;BANCO AGIBANK S.A;Banco Agibank;Juízo do Juizado Especial Cível da Comarca de Pelotas;EPROC TJRS;;JOSELTON CALMON BRAZ CORREIA;2026-05-14;2026;2026-09-16;DELCY BRUM X AGIBANK - Realizado.;https://eproc1g.tjrs.jus.br/eproc/controlador.php?acao=processo_selecionar&acao_origem=processo_consultar&acao_retorno=processo_consultar&num_processo=50192214520268210022&hash=b141a864257002cf65abccb471df9a5d
5005913-63.2026.8.21.0014;RS;Esteio;JONAS CONRADO DA SILVA;BANCO AGIBANK S.A;Banco Agibank;Juízo do Juizado Especial Cível da Comarca de Esteio;EPROC TJRS;;JOSELTON CALMON BRAZ CORREIA;2026-06-15;2026;2026-09-16;Jonas Conrado da Silva x Agibank - Presencial - Realizado.;https://eproc1g.tjrs.jus.br/eproc/controlador.php?acao=processo_selecionar&acao_origem=processo_consultar&acao_retorno=processo_consultar&num_processo=50059136320268210014&hash=9e87cac5e8ce182acaf32550b7db336c
5004382-15.2026.8.21.0022;RS;Pelotas;MARIO LUIS PINTO DA ROSA;FACTA FINANCEIRA S.A. CREDITO, FINANCIAMENTO E INVESTIMENTO;Outras financeiras;VARA DO JEC - PELOTAS/RS;EPROC TJRS;;Calmon & Freitas Advogados;2026-02-10;2026;2026-09-16;MARIO LUIS PINTO DA ROSA x Facta - Realizado: Audiência realizada.;
5000718-19.2026.8.21.0040;RS;Caçapava do Sul;AFONSO VALDENIR MADRID;BANCO BMG S A;Banco BMG;Juízo do Juizado Especial Cível Adjunto da Comarca de Caçapava do Sul;EPROC TJRS;;Calmon & Freitas Advogados;2026-03-02;2026;2026-09-16;Juntada de Áudio/Vídeo;https://eproc1g.tjrs.jus.br/eproc/controlador.php?acao=processo_selecionar&acao_origem=processo_consultar&acao_retorno=processo_consultar&num_processo=50007181920268210040&hash=5dc28ff3b4cc6d09acb6a3076c01124d
3013019-14.2026.8.06.6001;CE;Fortaleza;JOSE GUALTER MOURA;BANCO BMG SA;Banco BMG;Comarca de Fortaleza - Juizados Especiais Cível, Criminal e da Fazenda Pública;PJE TJCE;;Calmon & Freitas Advogados;2026-04-13;2026;2026-09-16;Decorrido prazo de PAULO ANTONIO MULLER em 15/09/2026 23:59.;
1022149-93.2023.4.01.3300;BA;Feira de Santana;EDILENE DE JESUS CARDOSO RANGEL;R. C. R.;Outros;Juizado Especial Cível e Criminal Adjunto à 3ª Vara Federal da SSJ de Feira de Santana-BA;—;;Calmon & Freitas Advogados;2023-08-28;2023;2026-09-16;Expedida/certificada a comunicação eletrônica;
3002943-68.2026.8.06.0297;CE;Núcleo de Justiça 4.0 (virtual);NELSA MARIA DA SILVA;BANCO AGIBANK S.A;Banco Agibank;Núcleo de Justiça 4.0;PJE TJCE;;JOSELTON CALMON BRAZ CORREIA;2026-04-06;2026;2026-09-16;Juntada de Petição de Contra-razões;
3021954-43.2026.8.06.6001;CE;Fortaleza;FRANCISCA ELEN CARLA LEAL DOS SANTOS;BANCO AGIBANK S.A;Banco Agibank;Comarca de Fortaleza - Juizados Especiais Cível, Criminal e da Fazenda Pública;PJE TJCE;LIMINAR DEFERIDA;JOSELTON CALMON BRAZ CORREIA;2026-05-25;2026;2026-09-16;Publicado Intimação da Sentença em 16/09/2026. Documento: 240279644;
0102303-69.2026.8.05.0001;BA;Salvador;ADRIELE COSTA DOS PASSOS;BANCO AGIBANK S.A;Banco Agibank;1ª VSJE DO CONSUMIDOR (MATUTINO);PROJUDI TJBA;;JOSELTON CALMON BRAZ CORREIA;2026-05-13;2026;2026-09-16;"N° 92
Decorrido prazo de Advogados de ADRIELE COSTA DOS PASSOS 
Decorrido prazo de Advogados de ADRIELE COSTA DOS PASSOS
*Referente ao evento Ato ordinatório(03/09/26). Prazo: 5 dias; Último dia de pr";
1000264-83.2026.8.13.0702;MG;Uberlândia;DIVINO ANTONIO ROSA;Não informada;Outros;Juízo da 2ª Unidade Jurisdicional do Juizado Especial - 3º JD da Comarca de Uberlândia;EPROC TJMG;;Calmon & Freitas Advogados;2026-01-06;2026;2026-09-16;PETIÇÃO;https://eproc1g.tjmg.jus.br/eproc/
0128103-02.2026.8.05.0001;BA;Salvador;NATHALIA CHERON ROCHA;GOL LINHAS AEREAS S A;Outros;15ª VSJE DO CONSUMIDOR (MATUTINO);—;;Calmon & Freitas Advogados;2026-06-12;2026;2026-09-16;"N° 31
Disponibilização no Diário da Justiça Eletrônico - DJEN 
Disponibilização no Diário da Justiça Eletrônico - DJEN
Disponibilização no Diário da Justiça Eletrônico em (17/09/26) para GOL LINHAS AE";
10002911620258130245;MG;Santa Luzia;VANDERCY GEORGINA DA SILVA COSTA;BANCO AGIBANK S.A;Banco Agibank;Juízo da Unidade Jurisdicional Única - 1º JD da Comarca de Santa Luzia;EPROC TJMG;;Calmon & Freitas Advogados;2025-11-18;2025;2026-09-16;Proferido despacho de mero expediente;None
3002279-81.2026.8.06.6167;CE;Sobral;RONEY APARECIDO EMYDIO;BANCO AGIBANK S.A;Banco Agibank;Comarca de Sobral - Juizados Especiais Cíveis e Criminais;PJE TJCE;;JOSELTON CALMON BRAZ CORREIA;2026-07-27;2026;2026-09-16;Publicado Notificação em 16/09/2026. Documento: 238331858;
3002942-83.2026.8.06.0297;CE;Núcleo de Justiça 4.0 (virtual);MARIA ELISENE RIBEIRO CAVALCANTE;BANCO AGIBANK S.A;Banco Agibank;Núcleo de Justiça 4.0;PJE TJCE;Em fase de recurso;JOSELTON CALMON BRAZ CORREIA;2026-04-06;2026;2026-09-16;<strong></strong><BR>Publicação <br/>Processo: 3002942-83.2026.8.06.0297 <br/>Órgão: 3º Gabinete da 2ª Turma Recursal <br/>Data de disponibilização: 16/09/2026 <br/>Tipo de comunicação: Intimação <br/;
0002664-38.2026.8.05.0079;BA;Eunápolis;ANEILDA ALVES DOS SANTOS;BANCO AGIBANK S.A;Banco Agibank;2ª Vara do Sistema dos Juizados - EUNÁPOLIS;PROJUDI TJBA;;JOSELTON CALMON BRAZ CORREIA;2026-05-14;2026;2026-09-15;Aneilda Santos x Agibank - Realizado.;
3000246-65.2026.8.06.0203;CE;Ocara;JOSE NAZARENO OLIVEIRA BEZERRA;BANCO AGIBANK S.A;Banco Agibank;Comarca de Ocara;—;;Calmon & Freitas Advogados;2026-04-09;2026;2026-09-15;RÉPLICA;
5041646-05.2026.8.21.0010;RS;Caxias do Sul;ADRIANA ZANELLA DA ROSA;BANCO AGIBANK S.A;Banco Agibank;Juízo do Juizado Especial Cível da Comarca de Caxias do Sul;EPROC TJRS;;JOSELTON CALMON BRAZ CORREIA;2026-07-10;2026;2026-09-15;RECURSO INOMINADO;https://eproc1g.tjrs.jus.br/eproc/controlador.php?acao=processo_selecionar&acao_origem=processo_consultar&acao_retorno=processo_consultar&num_processo=50416460520268210010&hash=df27539db7079afbf750894a14f39383
8128216-82.2024.8.05.0001;BA;Salvador;FINANCEIRA ALFA S.A. CREDITO, FINANCIAMENTO E INVESTIMENTOS - CNPJ: 17.167.412/0001-13;RAFAEL FREITAS ARAUJO - CPF: 013.024.135-03;Itaú;3ª VARA DE RELAÇÕES DE CONSUMO DA COMARCA DE SALVADOR;—;;Calmon & Freitas Advogados;2024-09-11;2024;2026-09-15;Conclusos para decisão;
3001775-92.2026.8.06.0115;CE;Limoeiro do Norte;FRANCISCA DA COSTA REINALDO;BANCO AGIBANK S.A;Banco Agibank;Comarca de Limoeiro do Norte;PJE TJCE;;JOSELTON CALMON BRAZ CORREIA;2026-07-27;2026;2026-09-15;Conclusos para despacho;
3001795-83.2026.8.06.0115;CE;Limoeiro do Norte;CLAUDIO LEONARDO DA SILVA CASTRO;BANCO AGIBANK S.A;Banco Agibank;Comarca de Limoeiro do Norte;PJE TJCE;;Calmon & Freitas Advogados;2026-07-28;2026;2026-09-15;Recebidos os autos do CEJUSC ou Centro de Conciliação/Mediação;
3001457-61.2026.8.06.0034;CE;Aquiraz;DAIANE RODRIGUES GALVAO;BANCO AGIBANK S.A;Banco Agibank;Comarca de Aquiraz;PJE TJCE;;JOSELTON CALMON BRAZ CORREIA;2026-05-11;2026;2026-09-15;Publicado Intimação em 15/09/2026. Documento: 240139576;
50135510520268210029;RS;Santo Ângelo;JULIO FERNANDO ZIMPEL PEREIRA;BANCO AGIBANK S.A;Banco Agibank;Juízo da 2ª Vara Cível da Comarca de Santo Ângelo;EPROC TJRS;;JOSELTON CALMON BRAZ CORREIA;2026-08-24;2026;2026-09-15;"Confirmada a intimação eletrônica
Usuário: SECJE";https://eproc1g.tjrs.jus.br/eproc/controlador.php?acao=processo_selecionar&acao_origem=processo_consultar&acao_retorno=processo_consultar&num_processo=50135510520268210029&hash=67d06e4d1b5b2714c919af02736ef3d8
0002389-07.2025.8.05.0150;BA;Lauro de Freitas;ANNA JULIA SANTANA NASCIMENTO;TELEFONICA BRASIL S A;Outros;2ª Vara do Sistema dos Juizados - LAURO DE FREITAS;PROJUDI TJBA;;Calmon & Freitas Advogados;2025-02-19;2025;2026-09-15;"N° 185
Decorrido prazo de Advogados de TELEFONICA BRASIL S A 
Decorrido prazo de Advogados de TELEFONICA BRASIL S A
*Referente ao evento Ato ordinatório(18/08/26). Prazo: 15 dias; Último dia de prazo ";
4015431-85.2026.8.26.0554;SP;Santo André;TIAGO CARDOZO;BANCO AGIBANK S.A;Banco Agibank;Juízo Titular I - Vara do Juizado Especial Cível da Comarca de Santo André;EPROC TJSP;;JOSELTON CALMON BRAZ CORREIA;2026-06-25;2026;2026-09-15;"Conclusos para julgamento
Usuário: M308602";https://eproc-consulta.tjsp.jus.br/consulta_1g/externo_controlador.php?acao=tjsp@consulta_publica_eproc/exibir_processo&acao_origem=tjsp@consulta_publica_eproc/consultar&acao_retorno=tjsp@consulta_publica_eproc/consultar&num_processo=40154318520268260554
0000778-70.2026.8.05.0154;BA;Luís Eduardo Magalhães;ZILDETE DE FIGUEIREDO PEGO;BANCO AGIBANK S.A;Banco Agibank;Vara do Sist dos Juizados - Luís Eduardo Magalhães;PROJUDI TJBA;;JOSELTON CALMON BRAZ CORREIA;2026-04-28;2026;2026-09-15;"N° 36
Juntada de Certidão 
Juntada de Certidão
Movimentado por: ELLEN HUANA DOS SANTOS BORGES";
5006021-39.2026.8.21.0064;RS;Santiago;INA PESSOA DE LIMA;BANCO AGIBANK S.A;Banco Agibank;1ª VARA CÍVEL - SANTIAGO/RS;—;;Calmon & Freitas Advogados;2026-07-28;2026;2026-09-15;1.- Intime-se a parte autora para emendar a inicial, no prazo de 15 dias, a fim de que anexe aos autos comprovante de endereço em nome próprio, ou declaração de que resida no endereço informado, conte;
8002004-10.2026.8.05.0142;BA;Jeremoabo;LAERCIO BETIN DA SILVA;BANCO AGIBANK S.A;Banco Agibank;V DOS FEITOS RELATIVOS ÀS RELAÇÕES DE CONSUMO, CÍVEL, COMERCIAL, FAZENDA PÚBLICA E REGISTROS PÚBLICOS DE JEREMOABO;PJE TJBA;;Calmon & Freitas Advogados;2026-06-16;2026;2026-09-15;<strong></strong><BR><br/>Publicação <br/>Processo: 8002004-10.2026.8.05.0142 <br/>Órgão: V DOS FEITOS RELATIVOS ÀS RELAÇÕES DE CONSUMO, CÍVEL, COMERCIAL, FAZENDA PÚBLICA E REGISTROS PÚBLICOS DE JEREM;
8002192-26.2026.8.05.0199;BA;Poções;EDIVAL ALEXANDRE MESSEDER;BANCO AGIBANK S.A;Banco Agibank;VARA DOS FEITOS DE REL DE CONS CIV E COMERCIAIS DE POÇÕES;PJE TJBA;;JOSELTON CALMON BRAZ CORREIA;2026-06-30;2026;2026-09-15;<strong></strong><BR><br/>Publicação <br/>Processo: 8002192-26.2026.8.05.0199 <br/>Órgão: VARA DOS FEITOS DE REL DE CONS CIV E COMERCIAIS DE POÇÕES <br/>Data de disponibilização: 15/09/2026 <br/>Tipo ;
8001553-82.2026.8.05.0142;BA;Jeremoabo;ELIAS BATISTA DE ANDRADE;BANCO AGIBANK S.A;Banco Agibank;V DOS FEITOS RELATIVOS ÀS RELAÇÕES DE CONSUMO, CÍVEL, COMERCIAL, FAZENDA PÚBLICA E REGISTROS PÚBLICOS DE JEREMOABO;PJE TJBA;LIMINAR DEFERIDA;JOSELTON CALMON BRAZ CORREIA;2026-05-14;2026;2026-09-15;<strong></strong><BR><br/>Publicação <br/>Processo: 8001553-82.2026.8.05.0142 <br/>Órgão: V DOS FEITOS RELATIVOS ÀS RELAÇÕES DE CONSUMO, CÍVEL, COMERCIAL, FAZENDA PÚBLICA E REGISTROS PÚBLICOS DE JEREM;
0106965-76.2026.8.05.0001;BA;Salvador;HAIUBE DA SILVA BRITO;BANCO AGIBANK S.A;Banco Agibank;7ª VSJE DO CONSUMIDOR (MATUTINO);PROJUDI TJBA;;JOSELTON CALMON BRAZ CORREIA;2026-05-19;2026;2026-09-14;EMBARGOS DE DECLARAÇÃO - ERRO MATERIAL - JUIZ JULGOU TAXA DE COMUNICAÇÃO DIGITAL COMO SE FOSSE TAXA DE CONTA CORRENTE POR SERVIÇOS;
3018842-66.2026.8.06.6001;CE;Fortaleza;ESMAEL SOUZA DA SILVA;BANCO AGIBANK S.A;Banco Agibank;Comarca de Fortaleza - Juizados Especiais Cível, Criminal e da Fazenda Pública;PJE TJCE;;JOSELTON CALMON BRAZ CORREIA;2026-05-11;2026;2026-09-14;Julgado improcedente o pedido;
5001830-61.2026.8.13.0261;MG;Formiga;ANA CARLA PACHECO;BANCO PAN S.A.;Banco Pan;Unidade Jurisdicional da Comarca de Formiga;PJE TJMG;;Calmon & Freitas Advogados;2026-03-02;2026;2026-09-14;Expedição de Certidão.;
3002711-56.2026.8.06.0297;CE;Núcleo de Justiça 4.0 (virtual);FRANCISCO LUCIANO DE SOUZA;BANCO BMG SA;Banco BMG;Núcleo de Justiça 4.0;PJE TJCE;Em fase de recurso;Calmon & Freitas Advogados;2026-03-30;2026;2026-09-14;<strong></strong><BR>Publicação <br/>Processo: 3002711-56.2026.8.06.0297 <br/>Órgão: 3º Gabinete da 2ª Turma Recursal <br/>Data de disponibilização: 14/09/2026 <br/>Tipo de comunicação: Intimação <br/;
0014270-57.2024.8.05.0039;BA;Camaçari;ANA EUGENIA DE SANTANA ABREU;BANCO BNP PARIBAS BRASIL S.A.;Outros;1ª Vara do Sistema dos Juizados - CAMAÇARI;PROJUDI TJBA;SOBRESTADO;Calmon & Freitas Advogados;2024-09-20;2024;2026-09-14;<strong></strong><BR><br/>Publicação <br/>Processo: 0014270-57.2024.8.05.0039 <br/>Órgão: 1ª Vara do Sistema dos Juizados - CAMAÇARI <br/>Data de disponibilização: 14/09/2026 <br/>Tipo de comunicação:;
0090545-93.2026.8.05.0001;BA;Salvador;IEGOR BOMFIM PRAZERES;ZEE DOG S A;Outros;11ª VSJE DO CONSUMIDOR (MATUTINO);PROJUDI TJBA;PRO BONO - LARISSA;JOSELTON CALMON BRAZ CORREIA;2026-04-29;2026;2026-09-14;<strong></strong><BR><br/>Publicação <br/>Processo: 0090545-93.2026.8.05.0001 <br/>Órgão: 11ª VSJE DO CONSUMIDOR (MATUTINO) <br/>Data de disponibilização: 14/09/2026 <br/>Tipo de comunicação: Intimaçã;
0002242-10.2026.8.05.0032;BA;Brumado;ANA LUCIA DA SILVA NOVAES;BANCO AGIBANK S.A;Banco Agibank;Vara do Sistema dos Juizados - BRUMADO;PROJUDI TJBA;;JOSELTON CALMON BRAZ CORREIA;2026-07-21;2026;2026-09-14;<strong></strong><BR><br/>Publicação <br/>Processo: 0002242-10.2026.8.05.0032 <br/>Órgão: Vara do Sistema dos Juizados - BRUMADO <br/>Data de disponibilização: 14/09/2026 <br/>Tipo de comunicação: Int;
3002873-51.2026.8.06.0297;CE;Núcleo de Justiça 4.0 (virtual);EDIVAN DE FREITAS FRANCA;BANCO AGIBANK S.A;Banco Agibank;Núcleo de Justiça 4.0;PJE TJCE;;Calmon & Freitas Advogados;2026-04-02;2026;2026-09-14;<strong></strong><BR>Publicação <br/>Processo: 3002873-51.2026.8.06.0297 <br/>Órgão: 2º Gabinete da 1ª Turma Recursal <br/>Data de disponibilização: 14/09/2026 <br/>Tipo de comunicação: Intimação <br/;
5005764-37.2026.8.21.4001;RS;Porto Alegre;ROSA MARIA DE OLIVEIRA;BANCO AGIBANK S.A;Banco Agibank;Juízo do 8º Juizado Especial Cível e Criminal do F.R. da Zona Sul da Comarca de Porto Alegre;EPROC TJRS;LIMINAR DEFERIDA;JOSELTON CALMON BRAZ CORREIA;2026-05-13;2026;2026-09-12;Decorrido prazo - Refer. aos Eventos: 47 e 48;https://eproc1g.tjrs.jus.br/eproc/controlador.php?acao=processo_selecionar&acao_origem=processo_consultar&acao_retorno=processo_consultar&num_processo=50057643720268214001&hash=da9d2c3cfc1a66e707272d681db59e0a
0809217-20.2026.8.20.5004;RN;Natal;MONIELE DE MELO TEIXEIRA;BANCO AGIBANK S.A;Banco Agibank;Natal - Juizado Especial Cível;PJE TJRN;;Calmon & Freitas Advogados;2026-05-25;2026;2026-09-12;Decorrido prazo de RODRIGO SCOPEL em 11/09/2026 23:59.;
8001282-07.2026.8.05.0164;BA;Mata de São João;SILVIA REJANE SOUZA SANTOS;BANCO AGIBANK S.A;Banco Agibank;V DOS FEITOS DE REL DE CONS CIV E COMERCIAIS DE MATA DE SÃO JOÃO;PJE TJBA;;JOSELTON CALMON BRAZ CORREIA;2026-05-07;2026;2026-09-11;Proferido despacho de mero expediente;
0111841-74.2026.8.05.0001;BA;Salvador;JAMECI SILVA SANTOS;BANCO AGIBANK S.A;Banco Agibank;11ª VSJE DO CONSUMIDOR (MATUTINO);PROJUDI TJBA;;JOSELTON CALMON BRAZ CORREIA;2026-05-25;2026;2026-09-11;"N° 31
Juntada de Petição 
Juntada de Petição
Movimentado por: JOSELTON CALMON BRAZ CORREIA";
3016507-74.2026.8.06.6001;CE;Fortaleza;JOSE VALBERTO FONSECA ALVES;BANCO AGIBANK S.A;Banco Agibank;Comarca de Fortaleza - Juizados Especiais Cível, Criminal e da Fazenda Pública;PJE TJCE;;JOSELTON CALMON BRAZ CORREIA;2026-04-29;2026;2026-09-11;Juntada de Petição de Petição (outras);
8001471-64.2026.8.05.0170;BA;Morro do Chapéu;ELIVELTON JESUS DE ALMEIDA;BANCO AGIBANK S.A;Banco Agibank;V DOS FEITOS DE REL DE CONS CIV E COMERCIAIS DE MORRO DO CHAPÉU;PJE TJBA;;JOSELTON CALMON BRAZ CORREIA;2026-05-25;2026;2026-09-10;Conclusos para julgamento;
50104484220268210141;RS;Capão da Canoa;UBIRAJARA CAMARGO DA SILVA;BANCO AGIBANK S.A;Banco Agibank;Juízo do Juizado Especial Cível da Comarca de Capão da Canoa;EPROC TJRS;;JOSELTON CALMON BRAZ CORREIA;2026-06-25;2026;2026-09-10;Decorrido prazo - Refer. ao Evento: 26;https://eproc1g.tjrs.jus.br/eproc/controlador.php?acao=processo_selecionar&acao_origem=processo_consultar&acao_retorno=processo_consultar&num_processo=50104484220268210141&hash=c170d6b8ab32b4982087a83f03bf7b44
5004531-65.2026.8.21.0101;RS;Gramado;SILVINO NARDI;BANCO AGIBANK S.A;Banco Agibank;VARA DO JEC - GRAMADO/RS;EPROC TJRS;;Calmon & Freitas Advogados;2026-05-14;2026;2026-09-10;Decorrido prazo - Refer. ao Evento: 35;
3000342-41.2026.8.06.0119;CE;Maranguape;FRANCISCA MACIEIRA DOS SANTOS;BANCO DAYCOVAL S/A;Daycoval;Comarca de Maranguape;PJE TJCE;LIMINAR DEFERIDA;Calmon & Freitas Advogados;2026-02-13;2026;2026-09-10;Recebidos os autos do CEJUSC ou Centro de Conciliação/Mediação;
0028226-46.2026.8.05.0080;BA;Feira de Santana;GUERIBALDO FERREIRA GUEDES;BANCO AGIBANK S.A;Banco Agibank;1ª Vara do Sistema dos Juizados - FEIRA DE SANTANA;PROJUDI TJBA;;Calmon & Freitas Advogados;2026-07-28;2026;2026-09-10;"N° 39
Disponibilização no Diário da Justiça Eletrônico - DJEN 
Disponibilização no Diário da Justiça Eletrônico - DJEN
Disponibilização no Diário da Justiça Eletrônico em (14/09/26) para BANCO AGIBANK";
1052584-79.2025.4.01.3300;BA;Salvador;M. C. A.;INSTITUTO NACIONAL DO SEGURO SOCIAL - INSS;INSS;9ª Vara Federal de Juizado Especial Cível da SJBA;—;;Calmon & Freitas Advogados;2025-07-23;2025;2026-09-10;Disponibilizado no DJ Eletrônico em 09/09/2026;
3002871-81.2026.8.06.0297;CE;Núcleo de Justiça 4.0 (virtual);MARIA DAS DORES PEREIRA DA SILVA;BANCO AGIBANK S.A;Banco Agibank;Núcleo de Justiça 4.0;PJE TJCE;;Calmon & Freitas Advogados;2026-04-02;2026;2026-09-10;Publicado Intimação em 10/09/2026. Documento: 226128777;
3026825-19.2026.8.06.6001;CE;Fortaleza;SILVIA NEIDE SILVA DOS SANTOS;BANCO AGIBANK S.A;Banco Agibank;Comarca de Fortaleza - Juizados Especiais Cível, Criminal e da Fazenda Pública;PJE TJCE;;JOSELTON CALMON BRAZ CORREIA;2026-06-17;2026;2026-09-10;Publicado Intimação em 10/09/2026. Documento: 237493987;
5007552-43.2026.8.21.0006;RS;Cachoeira do Sul;ANDERSON GUSMÃO DE MORAES;BANCO AGIBANK S.A;Banco Agibank;Juízo do Juizado Especial Cível da Comarca de Cachoeira do Sul;EPROC TJRS;;JOSELTON CALMON BRAZ CORREIA;2026-07-23;2026;2026-09-09;ANDERSON GUSMÃO DE MORAES x AGIBANK - Realizado.;https://eproc1g.tjrs.jus.br/eproc/controlador.php?acao=processo_selecionar&acao_origem=processo_consultar&acao_retorno=processo_consultar&num_processo=50075524320268210006&hash=0acf0b51dc37b0ec30d076566a19905e
3001148-38.2026.8.06.0164;CE;São Gonçalo do Amarante;MARIA ROSILENE DA SILVA SARAIVA;BANCO AGIBANK S.A;Banco Agibank;Comarca de São Gonçalo do Amarante;PJE TJCE;;JOSELTON CALMON BRAZ CORREIA;2026-06-25;2026;2026-09-09;Decorrido prazo de RAFAEL FREITAS ARAUJO em 08/09/2026 23:59.;
3022296-54.2026.8.06.6001;CE;Fortaleza;MARCIO CARNEIRO DE OLIVEIRA;BANCO AGIBANK S.A;Banco Agibank;Comarca de Fortaleza - Juizados Especiais Cível, Criminal e da Fazenda Pública;PJE TJCE;;JOSELTON CALMON BRAZ CORREIA;2026-05-26;2026;2026-09-09;Alterado o assunto processual;
8003615-52.2026.8.05.0124;BA;Itaparica;MARIA LINO DE SOUZA;BANCO AGIBANK S.A;Banco Agibank;V DOS FEITOS DE REL DE CONS CIV E COM. DE ITAPARICA;PJE TJBA;LIMINAR DEFERIDA;JOSELTON CALMON BRAZ CORREIA;2026-08-25;2026;2026-09-09;Juntada de Petição de petição;
1014613-39.2026.8.13.0105;MG;Governador Valadares;TEREZINHA FERREIRA DOS SANTOS;BANCO PAN S.A.;Banco Pan;Juízo da 6ª Vara Cível da Comarca de Governador Valadares;EPROC TJMG;;JOSELTON CALMON BRAZ CORREIA;2026-06-17;2026;2026-09-09;Decorrido prazo - Refer. ao Evento: 7;None
0144981-70.2024.8.05.0001;BA;Salvador;JOSELTO CALMON CORREIA;BANCO BMG S A;Banco BMG;1ª VSJE DO CONSUMIDOR (MATUTINO);—;;Calmon & Freitas Advogados;2024-07-21;2024;2026-09-09;"N° 24
Processo  suspenso por Recurso Especial Repetitivo 1414 
Processo  suspenso por Recurso Especial Repetitivo 1414
Movimentado por: LUCIANA BRAGA FALCAO LUNA";
0163606-84.2026.8.05.0001;BA;Salvador;JAMECI SILVA SANTOS;BANCO AGIBANK S.A;Banco Agibank;3ª VSJE DO CONSUMIDOR (MATUTINO);PROJUDI TJBA;;Calmon & Freitas Advogados;2026-07-28;2026;2026-09-09;JAMECI SILVA SANTOS x AGIBANK - Realizado.;
8001283-66.2026.8.05.0010;BA;Andaraí;JOSE ROBSON RODRIGUES WOLFOVITCH;BANCO AGIBANK S.A;Banco Agibank;ANDARAÍ;PJE TJBA;;Calmon & Freitas Advogados;2026-08-04;2026;2026-09-08;Juntada de Petição de petição;
8228355-08.2025.8.05.0001;BA;Salvador;CAMILE BRITO FREITAS;PAGSEGURO INTERNET LTDA;Banco Inter;20ª VARA DE RELAÇÕES DE CONSUMO DA COMARCA DE SALVADOR;PJE TJBA;;Calmon & Freitas Advogados;2025-11-26;2025;2026-09-08;Juntada de Petição de petição;
3001187-85.2026.8.06.0115;CE;Limoeiro do Norte;FRANCISCA DA COSTA REINALDO;BANCO AGIBANK S.A;Banco Agibank;Comarca de Limoeiro do Norte;PJE TJCE;;JOSELTON CALMON BRAZ CORREIA;2026-05-25;2026;2026-09-08;Conclusos para decisão;
8001353-32.2026.8.05.0124;BA;Itaparica;MARIA LINO DE SOUZA;BANCO AGIBANK S.A;Banco Agibank;V DOS FEITOS DE REL DE CONS CIV E COM. DE ITAPARICA;PJE TJBA;LIMINAR DEFERIDA;JOSELTON CALMON BRAZ CORREIA;2026-04-13;2026;2026-09-08;Juntada de Petição de petição;
0800793-77.2026.8.20.5104;RN;João Câmara;MARIA DA CONCEICAO LIMA DO NASCIMENTO;BANCO AGIBANK S.A;Banco Agibank;Comarca de João Câmara;PJE TJRN;LIMINAR DEFERIDA;Calmon & Freitas Advogados;2026-04-02;2026;2026-09-08;Conclusos para julgamento;
5007492-46.2026.8.21.0014;RS;Esteio;JONAS CONRADO DA SILVA;BANCO AGIBANK S.A;Banco Agibank;Juízo do Juizado Especial Cível da Comarca de Esteio;EPROC TJRS;;JOSELTON CALMON BRAZ CORREIA;2026-07-23;2026;2026-09-08;"Publicado no DJEN
Usuário: secde";https://eproc1g.tjrs.jus.br/eproc/controlador.php?acao=processo_selecionar&acao_origem=processo_consultar&acao_retorno=processo_consultar&num_processo=50074924620268210014&hash=b6c82aef05b033e2d19063162ce5f68f
8001062-73.2026.8.05.0175;BA;Mutuípe;DOMINGOS CALHAU FILUCAS;BANCO AGIBANK S.A;Banco Agibank;V DOS FEITOS DE REL DE CONS CIV E COMERCIAIS DE MUTUÍPE;—;;Calmon & Freitas Advogados;2026-07-28;2026;2026-09-08;"intime-se a parte autora para que, no prazo de 15 (quinze) dias apresente, sob pena de indeferimento da petição inicial:

1)   Documento de identificação completo (frente e verso); 

2)   instrumento ";
0002733-43.2026.8.05.0088;BA;Guanambi;STEFFANY VITORIA PEREIRA NOVAES SOARES;BANCO AGIBANK S.A;Banco Agibank;1ª Vara do Sistema dos Juizados - GUANAMBI;PROJUDI TJBA;;JOSELTON CALMON BRAZ CORREIA;2026-06-25;2026;2026-09-07;<strong></strong><BR><br/>Publicação <br/>Processo: 0002733-43.2026.8.05.0088 <br/>Órgão: 1ª Vara do Sistema dos Juizados - GUANAMBI <br/>Data de disponibilização: 07/09/2026 <br/>Tipo de comunicação:;
5005653-19.2026.8.21.0003;RS;Alvorada;EDER GUARAGNI;FACTA FINANCEIRA S.A. CREDITO, FINANCIAMENTO E INVESTIMENTO;Outras financeiras;Juízo do Juizado Especial Cível da Comarca de Alvorada;EPROC TJRS;;Calmon & Freitas Advogados;2026-03-19;2026;2026-09-05;Audiência de instrução designada - Local Sala Audiência Virtual - 04/11/2026 14:00;https://eproc1g.tjrs.jus.br/eproc/controlador.php?acao=processo_selecionar&acao_origem=processo_consultar&acao_retorno=processo_consultar&num_processo=50056531920268210003&hash=fc8cda939040ab91a9f5342607200514
0024134-05.2025.8.05.0001;BA;Salvador;JOSILTO CALMON CORREIA;AASAP - ASSOCIACAO DE AMPARO SOCIAL AO APOSENTADO E PENSIONISTA;Outros;19ª VSJE DO CONSUMIDOR (MATUTINO);PJE TJBA;;Calmon & Freitas Advogados;2025-02-09;2025;2026-09-05;"N° 103
Decorrido prazo de Advogados de JOSILTO CALMON CORREIA 
Decorrido prazo de Advogados de JOSILTO CALMON CORREIA
*Referente ao evento Documento(18/08/26). Prazo: 10 dias; Último dia de prazo 04/0";
8001466-33.2026.8.05.0076;BA;Entre Rios;MILTON ALVES BORGES;BANCO AGIBANK S.A;Banco Agibank;1ª VARA DOS FEITOS RELATIVOS ÀS RELAÇÕES DE CONSUMO, CÍVEIS E COMERCIAIS DE ENTRE RIOS;PJE TJBA;;JOSELTON CALMON BRAZ CORREIA;2026-06-25;2026;2026-09-04;Expedição de Aviso de recebimento (AR).;
8000441-05.2026.8.05.0134;BA;Ituaçu;CAMILA QUINAGLIA BLAZUTI;BANCO AGIBANK S.A;Banco Agibank;1ª V DOS FEITOS RELATIVOS ÀS RELAÇÕES DE CONSUMO, CÍVEIS, COMERCIAIS DE ITUAÇU;PJE TJBA;;JOSELTON CALMON BRAZ CORREIA;2026-05-25;2026;2026-09-04;Juntada de Outros documentos;
3001306-46.2026.8.06.0115;CE;Limoeiro do Norte;LIVIA PAULA DE LIMA;BANCO AGIBANK S.A;Banco Agibank;Comarca de Limoeiro do Norte;PJE TJCE;;JOSELTON CALMON BRAZ CORREIA;2026-06-08;2026;2026-09-04;Publicado Intimação em 04/09/2026. Documento: 237350637;
10932360620258130024;MG;Belo Horizonte;CECILIO PEREIRA;BANCO BMG S A;Banco BMG;Juízo da 4ª Unidade Jurisdicional Cível - 12º JD da Comarca de Belo Horizonte;—;;Calmon & Freitas Advogados;2025-11-24;2025;2026-09-04;Decorrido prazo - Refer. aos Eventos: 80 e 81;None
5002598-47.2026.8.13.0338;MG;Itaúna;EDNARA MARIA DA CONCEICAO VELOSO;BANCO AGIBANK S.A;Banco Agibank;Unidade Jurisdicional da Comarca de Itaúna;PJE TJMG;LIMINAR DEFERIDA;Calmon & Freitas Advogados;2026-03-25;2026;2026-09-04;<strong></strong><BR>{SrAdvogado}Sr. Advogado, PROCESSOS ELETRÔNICOS (PJE) Publicações sem efeito intimatório. Expediente de 03/09/2026 Expediente de 03/09/2026 Segue relação de processos eletrônicos ;
5009844-33.2025.8.13.0693;MG;Três Corações;GRACIANE REGINA PINTO;BANCO AGIBANK S.A;Banco Agibank;Unidade Jurisdicional da Comarca de Três Corações;EPROC TJMG;PJE TJMG;Calmon & Freitas Advogados;2025-10-14;2025;2026-09-03;RECURSO INOMINADO;
0103395-82.2026.8.05.0001;BA;Salvador;DIONISIO LIMA DE ARAUJO;BANCO AGIBANK S.A;Banco Agibank;4ª VSJE DO CONSUMIDOR (VESPERTINO);PROJUDI TJBA;;JOSELTON CALMON BRAZ CORREIA;2026-05-14;2026;2026-09-03;PROCESSO ARQUIVADO;
0004207-76.2026.8.05.0079;BA;Eunápolis;ANEILDA ALVES DOS SANTOS;BANCO AGIBANK S.A;Banco Agibank;2ª Vara do Sistema dos Juizados - EUNÁPOLIS;PROJUDI TJBA;;JOSELTON CALMON BRAZ CORREIA;2026-07-23;2026;2026-09-03;PROCESSO ARQUIVADO;
1067705-55.2022.4.01.3300;BA;Salvador;NILZA DA CRUZ DOS SANTOS;INSTITUTO NACIONAL DO SEGURO SOCIAL - INSS;INSS;9ª Vara Federal de Juizado Especial Cível da SJBA;—;;Calmon & Freitas Advogados;2022-10-16;2022;2026-09-03;Decorrido prazo de NILZA DA CRUZ DOS SANTOS em 02/09/2026 23:59.;
0001208-83.2026.8.25.0083;SE;Não informada;FABIANA CHAVES BARRETO SANTOS;AYMORE CREDITO FINANCIAMENTO E INVESTIMENTO S A;Aymoré (Santander);—;PortalDoAdv/TJSE;;Calmon & Freitas Advogados;2026-02-16;2026;2026-09-03;"Certidao
Descrição: Os autos aguardam decisao final acerca do Tema Repetitivo no 1.414/STJ. 
Localização: Secretaria
Diário da Justiça: Nao";
8173125-49.2023.8.05.0001;BA;Salvador;RAFAEL FREITAS ARAUJO;MARIANA MOURA COSTA - CPF: 859.989.545-13;Outros;3ª VARA DE FAMILIA DA COMARCA DE SALVADOR;—;;Calmon & Freitas Advogados;2023-12-06;2023;2026-09-03;<strong></strong><BR><br/>Publicação <br/>Processo: 8173125-49.2023.8.05.0001 <br/>Órgão: 3ª VARA DE FAMILIA DA COMARCA DE SALVADOR <br/>Data de disponibilização: 03/09/2026 <br/>Tipo de comunicação: ;
8000688-83.2026.8.05.0134;BA;Ituaçu;CAMILA QUINAGLIA BLAZUTI;BANCO AGIBANK S.A;Banco Agibank;1ª V DOS FEITOS RELATIVOS ÀS RELAÇÕES DE CONSUMO, CÍVEIS, COMERCIAIS DE ITUAÇU;PJE TJBA;LIMINAR DEFERIDA;JOSELTON CALMON BRAZ CORREIA;2026-07-23;2026;2026-09-03;<strong></strong><BR><br/>Publicação <br/>Processo: 8000688-83.2026.8.05.0134 <br/>Órgão: 1ª V DOS FEITOS RELATIVOS ÀS RELAÇÕES DE CONSUMO, CÍVEIS, COMERCIAIS DE ITUAÇU <br/>Data de disponibilização: ;
3001797-53.2026.8.06.0115;CE;Limoeiro do Norte;LIVIA PAULA DE LIMA;BANCO AGIBANK S.A;Banco Agibank;Comarca de Limoeiro do Norte;PJE TJCE;;JOSELTON CALMON BRAZ CORREIA;2026-07-28;2026;2026-09-02;Juntada de Petição de recurso;
0002333-76.2026.8.05.0137;BA;Jacobina;ADRIELLE VITORINO GONCALVES;BANCO AGIBANK S.A;Banco Agibank;2ª Vara do Sistema dos Juizados - JACOBINA;PROJUDI TJBA;;JOSELTON CALMON BRAZ CORREIA;2026-05-14;2026;2026-09-02;PROCESSO ARQUIVADO;
0163469-05.2026.8.05.0001;BA;Salvador;MARIA AUXILIADORA TINOCO NETO;BANCO AGIBANK S.A;Banco Agibank;2ª VSJE DO CONSUMIDOR (VESPERTINO);PROJUDI TJBA;;JOSELTON CALMON BRAZ CORREIA;2026-07-28;2026;2026-09-02;PROCESSO ARQUIVADO;
40206541820258260016;SP;São Paulo;FAUSTO CROTTI SILVA;BANCO PAN S.A.;Banco Pan;Juízo Titular IV - 2ª Vara do Juizado Especial Cível - JEC Central - Vergueiro;EPROC TJSP;SOBRESTADO;Calmon & Freitas Advogados;2025-11-17;2025;2026-09-02;"Publicado no DJ Eletrônico - no dia 02/09/2026 - Refer. aos Eventos: 32, 33
Usuário: secde";https://eproc-consulta.tjsp.jus.br/consulta_1g/externo_controlador.php?acao=tjsp@consulta_publica_eproc/exibir_processo&acao_origem=tjsp@consulta_publica_eproc/consultar&acao_retorno=tjsp@consulta_publica_eproc/consultar&num_processo=40206541820258260016
5014190-11.2026.8.21.0033;RS;São Leopoldo;LORRAN CONSTANTE HOCHSCHEIDT;BANCO AGIBANK S.A;Banco Agibank;Juízo do Juizado Especial Cível da Comarca de São Leopoldo;EPROC TJRS;;JOSELTON CALMON BRAZ CORREIA;2026-05-26;2026;2026-09-01;Lorran Constante x Agibank - Realizado.;https://eproc1g.tjrs.jus.br/eproc/controlador.php?acao=processo_selecionar&acao_origem=processo_consultar&acao_retorno=processo_consultar&num_processo=50141901120268210033&hash=168b6736ef56c12d1eedf544d17ff632
5002646-93.2025.8.13.0191;MG;Corinto;NEUSA JOSE DE CASTRO;BANCO SANTANDER (BRASIL) S.A.;Santander;Juizado Especial da Comarca de Corinto;PJE TJMG;;Calmon & Freitas Advogados;2025-10-21;2025;2026-09-01;Conclusos para despacho;
3000450-56.2026.8.06.0156;CE;Redenção;FRANCISCO LUCIANO DE SOUZA;BANCO PAN S.A.;Banco Pan;Comarca de Redenção;PJE TJCE;;JOSELTON CALMON BRAZ CORREIA;2026-05-05;2026;2026-09-01;Publicado Intimação em 01/09/2026. Documento: 226936311;
0802531-25.2025.8.19.0073;RJ;Guapimirim;VICTOR ALVES VIVAS;TAM LINHAS AEREAS S/A.;Outros;Juizado Especial Adjunto Cível da Comarca de Guapimirim;—;;Calmon & Freitas Advogados;2025-09-11;2025;2026-08-31;Decorrido prazo de JOSELTON CALMON BRAZ CORREIA em 28/08/2026 23:59.;
3001186-82.2026.8.06.0121;CE;Massapê;GERSON DIEGO DO NASCIMENTO DA CUNHA;BANCO AGIBANK S.A;Banco Agibank;Comarca de Massapê;PJE TJCE;;JOSELTON CALMON BRAZ CORREIA;2026-04-27;2026;2026-08-31;Juntada de Petição de Petição (outras);
8002478-78.2026.8.05.0142;BA;Jeremoabo;ELIAS BATISTA DE ANDRADE;BANCO AGIBANK S.A;Banco Agibank;V DOS FEITOS RELATIVOS ÀS RELAÇÕES DE CONSUMO, CÍVEL, COMERCIAL, FAZENDA PÚBLICA E REGISTROS PÚBLICOS DE JEREMOABO;PJE TJBA;;JOSELTON CALMON BRAZ CORREIA;2026-07-27;2026;2026-08-31;Juntada de Petição de petição;
5001801-07.2026.8.21.0158;RS;Rodeio Bonito;PATRICIA REGINA TREMEA;BANCO AGIBANK S.A;Banco Agibank;Juízo do Juizado Especial Cível Adjunto da Comarca de Rodeio Bonito;EPROC TJRS;LIMINAR DEFERIDA;JOSELTON CALMON BRAZ CORREIA;2026-06-12;2026;2026-08-31;<strong></strong><BR><br/>Publicação <br/>Processo: 5001801-07.2026.8.21.0158 <br/>Órgão: Juizado Especial Cível Adjunto da Comarca de Rodeio Bonito <br/>Data de disponibilização: 31/08/2026 <br/>Tipo;https://eproc1g.tjrs.jus.br/eproc/controlador.php?acao=processo_selecionar&acao_origem=processo_consultar&acao_retorno=processo_consultar&num_processo=50018010720268210158&hash=e8ad996a8d82d109f9ed7ac5da9e9922
0000524-34.2026.8.05.0078;BA;Euclides da Cunha;ANTONIO FERREIRA DE SOUZA;BANCO AGIBANK S.A;Banco Agibank;Vara do Sistema dos Juizados - EUCLIDES DA CUNHA;PROJUDI TJBA;LIMINAR DEFERIDA;JOSELTON CALMON BRAZ CORREIA;2026-05-14;2026;2026-08-29;"N° 40
Ato ordinatório praticado 
Ato ordinatório praticado
Movimentado por: ENALDO TORRES FERNANDES SOBRINHO";
3002071-41.2025.8.06.0086;CE;Horizonte;FELIPE DO NASCIMENTO;BANCO BMG SA;Banco BMG;2ª Vara da Comarca de Horizonte;—;;Calmon & Freitas Advogados;2025-11-20;2025;2026-08-28;Juntada de Petição de Contra-razões;
0002728-20.2026.8.05.0250;BA;Simões Filho;RENILDO JOSE DE JESUS;BANCO AGIBANK S.A;Banco Agibank;1ª Vara Sistema Juizados Especiais - Simões Filho;PROJUDI TJBA;;JOSELTON CALMON BRAZ CORREIA;2026-07-28;2026;2026-08-28;"N° 22
Audiência Conciliação Não Realizada 
Audiência Conciliação Não Realizada
Movimentado por: DIEGO CHAGAS SANTOS";
3002706-34.2026.8.06.0297;CE;Núcleo de Justiça 4.0 (virtual);ANA CRISTINA DE ALBUQUERQUE FRANKLIN;BANCO PAN S.A.;Banco Pan;Núcleo de Justiça 4.0;PJE TJCE;Em fase de recurso;Calmon & Freitas Advogados;2026-03-30;2026;2026-08-27;Remetidos os Autos (em grau de recurso) para Instância Superior;
5002764-14.2026.8.21.0029;RS;Santo Ângelo;DEISE PASTURIZA DA ROSA;BANCO BMG S A;Banco BMG;Juízo da 3ª Vara Cível da Comarca de Santo Ângelo;EPROC TJRS;;Calmon & Freitas Advogados;2026-02-25;2026;2026-08-27;Remetidos os Autos - SANCEJUSC -> SAN3CIV;https://eproc1g.tjrs.jus.br/eproc/controlador.php?acao=processo_selecionar&acao_origem=processo_consultar&acao_retorno=processo_consultar&num_processo=50027641420268210029&hash=fd3647e769a788d90262dbc76c7ef6f7
3000177-86.2026.8.06.6167;CE;Sobral;IVANILDE RODRIGUES GOMES;BANCO PAN S.A.;Banco Pan;Comarca de Sobral - Juizados Especiais Cíveis e Criminais;PJE TJCE;;Calmon & Freitas Advogados;2026-02-16;2026;2026-08-27;Decorrido prazo de IVANILDE RODRIGUES GOMES em 26/08/2026 23:59.;
1000535-74.2026.8.13.0514;MG;Pitangui;ALINE AUGUSTA DA SILVA;BANCO MASTER S/A;Banco Master;Juízo da 1ª Vara Cível, Criminal, e da Infância e da Juventude da Comarca de Pitangui;EPROC TJMG;;Calmon & Freitas Advogados;2026-03-02;2026;2026-08-27;Processo Suspenso ou Sobrestado por decisão judicial;None
10010185920258130702;MG;Uberlândia;MARIA ALICE ALVES DE FREITAS;BANCO BMG S A;Banco BMG;Juízo da 2ª Unidade Jurisdicional do Juizado Especial - 3º JD da Comarca de Uberlândia;EPROC TJMG;;Calmon & Freitas Advogados;2025-11-17;2025;2026-08-27;Decorrido prazo - Refer. aos Eventos: 96 e 97;None
0801160-77.2026.8.20.5112;RN;Apodi;LUIZ CARLOS DE OLIVEIRA;BANCO AGIBANK S.A;Banco Agibank;Comarca de Apodi;PJE TJRN;;JOSELTON CALMON BRAZ CORREIA;2026-05-04;2026;2026-08-27;<strong></strong><BR>Publicação <br/>Processo: 0801160-77.2026.8.20.5112 <br/>Órgão: Gab. do Juiz Fábio Antônio Correia Filgueira <br/>Data de disponibilização: 27/08/2026 <br/>Tipo de comunicação: In;
8000992-66.2026.8.05.0010;BA;Andaraí;JOSE ROBSON RODRIGUES WOLFOVITCH;BANCO AGIBANK S.A;Banco Agibank;1ª V DOS FEITOS DE REL DE CONS CIV E COMERCIAIS DE ANDARAÍ;PJE TJBA;LIMINAR DEFERIDA;JOSELTON CALMON BRAZ CORREIA;2026-06-15;2026;2026-08-26;Conclusos para despacho;
3000231-70.2026.8.06.6064;CE;Caucaia;MARCOS AURELIO VIEIRA ALVES;BANCO AGIBANK S.A;Banco Agibank;Comarca de Caucaia - Juizados Especiais Cíveis e Criminais;—;;Calmon & Freitas Advogados;2026-02-16;2026;2026-08-26;Expedição de Ofício.;
0057044-51.2026.8.05.0001;BA;Salvador;SAULO DIAS DE MAGALHAES;SABRINA DE MELO SPOSITO MAGALHAES;Outros;7ª VSJE DE CAUSAS COMUNS (MATUTINO);PROJUDI TJBA;;Calmon & Freitas Advogados;2026-03-19;2026;2026-08-26;"N° 68
Decorrido prazo de Advogados de SAULO DIAS DE MAGALHAES 
Decorrido prazo de Advogados de SAULO DIAS DE MAGALHAES
*Referente ao evento Ato ordinatório(04/08/26). Prazo: 10 dias; Último dia de pra";
0010944-76.2026.8.05.0150;BA;Lauro de Freitas;MARCO AURELIO SILVA GONCALVES;FACEBOOK SERVICOS ONLINE DO BRASIL LTDA;Meta/Facebook;1ª Vara do Sistema dos Juizados - LAURO DE FREITAS;—;;Calmon & Freitas Advogados;2026-07-10;2026;2026-08-26;MARCO AURELIO SILVA GONCALVES x Facebook - Realizado.;
8001400-81.2026.8.05.0099;BA;Ibotirama;WBIRATA DARC PEREIRA DE MONTES SANTOS;BANCO AGIBANK S.A;Banco Agibank;V DOS FEITOS DE REL DE CONS CIV E COMERCIAIS DE IBOTIRAMA;PJE TJBA;;Calmon & Freitas Advogados;2026-07-28;2026;2026-08-26;<strong></strong><BR><br/>Publicação <br/>Processo: 8001400-81.2026.8.05.0099 <br/>Órgão: V DOS FEITOS DE REL DE CONS CIV E COMERCIAIS DE IBOTIRAMA <br/>Data de disponibilização: 26/08/2026 <br/>Tipo ;
5020461-47.2025.8.21.0073;RS;Tramandaí;IVAN STROVEC;BANCO AGIBANK S.A;Banco Agibank;Juízo do Juizado Especial Cível da Comarca de Tramandaí;EPROC TJRS;;Calmon & Freitas Advogados;2025-10-11;2025;2026-08-25;Conclusos para decisão/despacho;https://eproc1g.tjrs.jus.br/eproc/controlador.php?acao=processo_selecionar&acao_origem=processo_consultar&acao_retorno=processo_consultar&num_processo=50204614720258210073&hash=54a36651a6dc4588740310baa348e2a9
3002872-66.2026.8.06.0297;CE;Núcleo de Justiça 4.0 (virtual);JOSE CLEMENTE DO NASCIMENTO;BANCO AGIBANK S.A;Banco Agibank;Núcleo de Justiça 4.0;PJE TJCE;;Calmon & Freitas Advogados;2026-04-02;2026;2026-08-25;Remetidos os Autos (em grau de recurso) para Instância Superior;
3000294-77.2026.8.06.6070;CE;Crateús;FRANCISCO JANDERSSON BENTO DA TRINDADE;BANCO C6 CONSIGNADO S.A.;C6 Bank;Comarca de Crateús - Juizados Especiais Cíveis e Criminais;PJE TJCE;;JOSELTON CALMON BRAZ CORREIA;2026-05-04;2026;2026-08-25;Arquivado Definitivamente;
10930663420258130024;MG;Belo Horizonte;CECILIO PEREIRA;BANCO BMG S A;Banco BMG;Juízo da 1ª Unidade Jurisdicional Cível - 2º JD da Comarca de Belo Horizonte;EPROC TJMG;;Calmon & Freitas Advogados;2025-11-24;2025;2026-08-25;Comunicação eletrônica recebida - decisão proferida em PROCEDIMENTO DO JUIZADO ESPECIAL CÍVEL Número: 10932360620258130024/MG;None
3001011-19.2026.8.06.0144;CE;Pentecoste;NAZIRA GUIMARAES PAIVA;BANCO AGIBANK S.A;Banco Agibank;Comarca de Pentecoste;PJE TJCE;;JOSELTON CALMON BRAZ CORREIA;2026-08-25;2026;2026-08-25;Conclusos para decisão;
5010998-96.2025.8.13.0625;MG;São João del-Rei;ABINIAS GOMES DA SILVA;BANCO BMG S A;Banco BMG;Unidade Jurisdicional da Comarca de São João del-Rei;PJE TJMG;Em fase de recurso;Calmon & Freitas Advogados;2025-10-10;2025;2026-08-25;<strong></strong><BR>{SrAdvogado}Sr. Advogado, PROCESSOS ELETRÔNICOS (PJE) Expediente de 24/08/2026 Expediente de 24/08/2026 Segue relação de processos eletrônicos nos quais foram enviadas as intimaçõ;
8001464-63.2026.8.05.0076;BA;Entre Rios;MARIA HELENA DOS SANTOS CRUZ;BANCO AGIBANK S.A;Banco Agibank;1ª VARA DOS FEITOS RELATIVOS ÀS RELAÇÕES DE CONSUMO, CÍVEIS E COMERCIAIS DE ENTRE RIOS;PJE TJBA;;JOSELTON CALMON BRAZ CORREIA;2026-06-25;2026;2026-08-24;Expedição de Aviso de recebimento (AR).;
0138971-39.2026.8.05.0001;BA;Salvador;ALINA DOS SANTOS CALMON CORREIA;EPSON DO BRASIL INDUSTRIA E COMERCIO LIMITADA;Itaú;15ª VSJE DO CONSUMIDOR (MATUTINO);PROJUDI TJBA;PRO BONO - JOSELTON;JOSELTON CALMON BRAZ CORREIA;2026-06-30;2026;2026-08-24;"N° 30
Juntada de Petição 
Juntada de Petição
Movimentado por: JOSELTON CALMON BRAZ CORREIA";
3001993-59.2026.8.06.0297;CE;Núcleo de Justiça 4.0 (virtual);ANGELICA MARIA DO NASCIMENTO FERREIRA;BANCO SANTANDER (BRASIL) S.A.;Santander;Núcleo de Justiça 4.0;PJE TJCE;;Calmon & Freitas Advogados;2026-03-10;2026;2026-08-22;Conclusos para despacho;
3002110-50.2026.8.06.0297;CE;Núcleo de Justiça 4.0 (virtual);FRANCISCO BERNARDO DA SILVA;BANCO BMG SA;Banco BMG;Núcleo de Justiça 4.0;PJE TJCE;;Calmon & Freitas Advogados;2026-03-13;2026;2026-08-22;Conclusos para despacho;
3012097-49.2025.8.06.0167;CE;Sobral;LUIS ARAUJO GOMES;BANCO PAN S.A.;Banco Pan;2ª Unidade do Juizado Especial Cível e Criminal da Comarca de Sobral;PJE TJCE;SOBRESTADO;Calmon & Freitas Advogados;2025-12-03;2025;2026-08-22;Decorrido prazo de RAFAEL FREITAS ARAUJO em 21/08/2026 23:59.;
3002111-35.2026.8.06.0297;CE;Núcleo de Justiça 4.0 (virtual);MARCOS AURELIO VIEIRA ALVES;BANCO AGIBANK S.A;Banco Agibank;Núcleo de Justiça 4.0;PJE TJCE;;Calmon & Freitas Advogados;2026-03-13;2026;2026-08-22;Conclusos para despacho;
1022129-05.2023.4.01.3300;BA;Feira de Santana;CELIDALVA PINHEIRO DOS SANTOS DE JESUS;INSTITUTO NACIONAL DO SEGURO SOCIAL - INSS;INSS;Juizado Especial Cível e Criminal Adjunto à 1ª Vara Federal da SSJ de Feira de Santana-BA;—;;Calmon & Freitas Advogados;2024-04-05;2024;2026-08-21;Conclusos para julgamento;
3035042-51.2026.8.06.6001;CE;Fortaleza;LEONARDO ANTONIO BEZERRA SANTIAGO;BANCO AGIBANK S.A;Banco Agibank;Comarca de Fortaleza - Juizados Especiais Cível, Criminal e da Fazenda Pública;PJE TJCE;;JOSELTON CALMON BRAZ CORREIA;2026-07-31;2026;2026-08-21;Não confirmada a citação eletrônica;
3002280-66.2026.8.06.6167;CE;Sobral;MANOEL ANGELO FERREIRA;BANCO AGIBANK S.A;Banco Agibank;Comarca de Sobral - Juizados Especiais Cíveis e Criminais;PJE TJCE;;JOSELTON CALMON BRAZ CORREIA;2026-07-27;2026;2026-08-21;Não confirmada a citação eletrônica;
3001779-82.2026.8.06.0163;CE;São Benedito;ANTONIA DA SILVA TEIXEIRA;BANCO BMG SA;Banco BMG;Comarca de São Benedito;PJE TJCE;;JOSELTON CALMON BRAZ CORREIA;2026-07-15;2026;2026-08-21;Decorrido prazo de ANTONIA DA SILVA TEIXEIRA em 20/08/2026 23:59.;
1003313-48.2026.8.13.0245;MG;Santa Luzia;AMILTON EDUARDO MIRANDA;BANCO AGIBANK S.A;Banco Agibank;Juízo da 4ª Vara Cível da Comarca de Santa Luzia;EPROC TJMG;;Calmon & Freitas Advogados;2026-04-10;2026;2026-08-21;Conclusos para Despacho;None
3001454-40.2026.8.06.6167;CE;Sobral;RONEY APARECIDO EMYDIO;BANCO AGIBANK S.A;Banco Agibank;Comarca de Sobral - Juizados Especiais Cíveis e Criminais;PJE TJCE;;JOSELTON CALMON BRAZ CORREIA;2026-05-26;2026;2026-08-20;RONEY APARECIDO EMYDIO x Agibank - Realizado.;
0146797-19.2026.8.05.0001;BA;Salvador;ESMERALDA APARECIDA RIBEIRO SILVA;ASBEC SOCIEDADE BAIANA DE EDUCACAO E CULTURA LTDA;Outros;15ª VSJE DO CONSUMIDOR (MATUTINO);PROJUDI TJBA;;JOSELTON CALMON BRAZ CORREIA;2026-07-10;2026;2026-08-20;ESMERALDA APARECIDA RIBEIRO SILVA x Unijorge - Realizado.;
3003093-49.2026.8.06.0297;CE;Núcleo de Justiça 4.0 (virtual);ANGELICA MARIA DO NASCIMENTO FERREIRA;BANCO BMG SA;Banco BMG;Núcleo de Justiça 4.0;PJE TJCE;;JOSELTON CALMON BRAZ CORREIA;2026-04-09;2026;2026-08-20;Conclusos para despacho;
3001732-41.2026.8.06.6167;CE;Sobral;MANOEL ANGELO FERREIRA;BANCO AGIBANK S.A;Banco Agibank;Comarca de Sobral - Juizados Especiais Cíveis e Criminais;PJE TJCE;;JOSELTON CALMON BRAZ CORREIA;2026-06-15;2026;2026-08-20;Conclusos para julgamento;
40055260820258260161;SP;Diadema;LEONARDO DA SILVA SANTOS;BANCO MERCANTIL DO BRASIL SA;Outros;Juízo Titular I - Vara do Juizado Especial Cível da Comarca de Diadema;—;;JOSELTON CALMON BRAZ CORREIA;2025-11-19;2025;2026-08-20;"Decorrido prazo - Refer. ao Evento: 56
Usuário: SECFP";https://eproc-consulta.tjsp.jus.br/consulta_1g/externo_controlador.php?acao=tjsp@consulta_publica_eproc/exibir_processo&acao_origem=tjsp@consulta_publica_eproc/consultar&acao_retorno=tjsp@consulta_publica_eproc/consultar&num_processo=40055260820258260161&hash=05aca7ef6d2980daea3b0186fb6f33f1
0000576-02.2026.5.05.0039;BA;Salvador;R. F. A.;J. C. V. M.;Outros;39ª Vara do Trabalho de Salvador;—;PRO BONO - RAFAEL;Calmon & Freitas Advogados;2026-07-04;2026;2026-08-20;Decorrido o prazo de JOSE CLAUDIO VASCONCELOS MONTE                               em 19/08/2026;
0147715-23.2026.8.05.0001;BA;Salvador;LARISSA FRONTADO DE SOUZA;FACEBOOK SERVICOS ONLINE DO BRASIL LTDA;Meta/Facebook;VSJE DO CONSUMIDOR (MATUTINO);—;LARISSA FRONTADO;LARISSA FRONTADO DE SOUZA;2026-07-11;2026;2026-08-20;<strong></strong><BR><br/>Publicação <br/>Processo: 0147715-23.2026.8.05.0001 <br/>Órgão: 13ª VSJE DO CONSUMIDOR (MATUTINO) <br/>Data de disponibilização: 20/08/2026 <br/>Tipo de comunicação: Intimaçã;PROJUDI
8001177-62.2026.8.05.0218;BA;Ruy Barbosa;EDINALDO COSTA DA SILVA;BANCO AGIBANK S.A;Banco Agibank;V DOS FEITOS DE REL DE CONS CIV E COMERCIAIS DE RUY BARBOSA;PJE TJBA;;JOSELTON CALMON BRAZ CORREIA;2026-05-14;2026;2026-08-19;Conclusos para despacho;
40021456320268260126;SP;Caraguatatuba;ENILDA NUNES DA SILVA;BANCO MASTER S/A;Banco Master;Juízo Titular I - Vara do Juizado Especial Cível e Criminal da Comarca de Caraguatatuba;EPROC TJSP;;JOSELTON CALMON BRAZ CORREIA;2026-04-13;2026;2026-08-19;"Transitado em Julgado
Usuário: secautoloc";https://eproc-consulta.tjsp.jus.br/consulta_1g/externo_controlador.php?acao=tjsp@consulta_publica_eproc/exibir_processo&acao_origem=tjsp@consulta_publica_eproc/consultar&acao_retorno=tjsp@consulta_publica_eproc/consultar&num_processo=40021456320268260126
5029869-23.2026.8.21.0010;RS;Caxias do Sul;ADRIANA ZANELLA DA ROSA;BANCO AGIBANK S.A;Banco Agibank;Juízo do Juizado Especial Cível da Comarca de Caxias do Sul;EPROC TJRS;LIMINAR DEFERIDA;JOSELTON CALMON BRAZ CORREIA;2026-05-13;2026;2026-08-19;RECURSO INOMINADO (DANO MORAL);https://eproc1g.tjrs.jus.br/eproc/controlador.php?acao=processo_selecionar&acao_origem=processo_consultar&acao_retorno=processo_consultar&num_processo=50298692320268210010&hash=1a3724aea527280f954c9b711f6b1101
3001751-25.2025.8.06.0107;CE;Jaguaribe;VALDELICE RODRIGUES DE SOUSA;BANCO BMG SA;Banco BMG;1ª Vara da Comarca de Jaguaribe;PJE TJCE;;Calmon & Freitas Advogados;2025-11-27;2025;2026-08-19;<strong></strong><BR>Publicação <br/>Processo: 3001751-25.2025.8.06.0107 <br/>Órgão: 1º Gabinete da 2ª Turma Recursal <br/>Data de disponibilização: 19/08/2026 <br/>Tipo de comunicação: Intimação <br/;
5015828-18.2026.8.21.0021;RS;Passo Fundo;DOUGLAS CESAR SODRE;BANCO AGIBANK S.A;Banco Agibank;Juízo do Juizado Especial Cível da Comarca de Passo Fundo;EPROC TJRS;;JOSELTON CALMON BRAZ CORREIA;2026-05-14;2026;2026-08-18;RECURSO INOMINADO;https://eproc1g.tjrs.jus.br/eproc/controlador.php?acao=processo_selecionar&acao_origem=processo_consultar&acao_retorno=processo_consultar&num_processo=50158281820268210021&hash=ea53465b54d16f33adc7ad235da8ba91
5003765-38.2026.8.21.0060;RS;Panambi;PAOLA INGRID DA SILVA;BANCO AGIBANK S.A;Banco Agibank;Juízo do Juizado Especial Cível Adjunto da Comarca de Panambi;EPROC TJRS;;JOSELTON CALMON BRAZ CORREIA;2026-06-25;2026;2026-08-18;ENCAMINHADO PARA PROTOCOLO - PETICIONAR JULGAMENTO ANTECIPADO;https://eproc1g.tjrs.jus.br/eproc/controlador.php?acao=processo_selecionar&acao_origem=processo_consultar&acao_retorno=processo_consultar&num_processo=50037653820268210060&hash=67e7a5a11ced7af55a55749d0295a3fd
8012718-18.2024.8.05.0039;BA;Camaçari;ANDERSON PEREIRA FERREIRA;BANCO DO BRASIL S/A;Banco do Brasil;2ª V DOS FEITOS DE REL. DE CONSUMO, CÍVEIS E ACIDENTE DE TRABALHO DE CAMAÇARI;PJE TJBA;;Calmon & Freitas Advogados;2024-10-17;2024;2026-08-17;RÉPLICA;
8001224-05.2026.8.05.0099;BA;Ibotirama;WBIRATA DARC PEREIRA DE MONTES SANTOS;BANCO AGIBANK S.A;Banco Agibank;V DOS FEITOS DE REL DE CONS CIV E COMERCIAIS DE IBOTIRAMA;PJE TJBA;;JOSELTON CALMON BRAZ CORREIA;2026-07-15;2026;2026-08-17;intime-se a parte Autora, para, no prazo de 05 (cinco) dias, juntar aos autos documentos capazes de comprovar a sua condição de hipossuficiente, em atenção ao disposto no art. 99, §2º, do CPC.;
5000869-19.2026.8.21.0061;RS;Quaraí;DILTON FREITAS VARGAS;BANCO AGIBANK S.A;Banco Agibank;Juízo do Juizado Especial Cível Adjunto da Comarca de Quaraí;EPROC TJRS;;Calmon & Freitas Advogados;2026-04-27;2026;2026-08-17;<strong></strong><BR><br/>Publicação <br/>Processo: 5000869-19.2026.8.21.0061 <br/>Órgão: Juizado Especial Cível e Criminal da Comarca de Uruguaiana <br/>Data de disponibilização: 17/08/2026 <br/>Tipo;https://eproc1g.tjrs.jus.br/eproc/controlador.php?acao=processo_selecionar&acao_origem=processo_consultar&acao_retorno=processo_consultar&num_processo=50008691920268210061&hash=71b83607abcbcedf740db961e2398c8f
0013757-09.2024.8.05.0001;BA;Salvador;GUSTAVO KNITTEL MOREIRA;NORMACI ANALIA PINTO DE VASCONCELOS;Outros;3ª VSJE DE CAUSAS COMUNS (MATUTINO);PROJUDI TJBA;;Calmon & Freitas Advogados;2024-01-24;2024;2026-08-16;"N° 148
Juntada de Petição 
Juntada de Petição
Movimentado por: RAFAEL FREITAS ARAUJO";
0002271-85.2026.8.05.0250;BA;Simões Filho;RENILDO JOSE DE JESUS;BANCO AGIBANK S.A;Banco Agibank;1ª Vara Sistema Juizados Especiais - Simões Filho;PROJUDI TJBA;LIMINAR DEFERIDA;JOSELTON CALMON BRAZ CORREIA;2026-06-25;2026;2026-08-15;"N° 26
Decisão de Saneamento e de Organização do Processo 
Decisão de Saneamento e de Organização do Processo
Movimentado por: LEONARDO CARVALHO TENORIO DE ALBUQUERQUE";
8007540-71.2026.8.05.0022;BA;Barreiras;MAURICIO PROCOPIO DE SOUZA;BANCO AGIBANK S.A;Banco Agibank;1ª V DOS FEITOS DE REL DE CONS CIV E COMERCIAIS DE BARREIRAS;PJE TJBA;;JOSELTON CALMON BRAZ CORREIA;2026-07-14;2026;2026-08-13;Juntada de Petição de petição;
5003899-14.2026.8.21.0077;RS;Venâncio Aires;JULIO FERNANDO ZIMPEL PEREIRA;BANCO AGIBANK S.A;Banco Agibank;Juízo do Juizado Especial Cível Adjunto da Comarca de Venâncio Aires;EPROC TJRS;LIMINAR DEFERIDA;Calmon & Freitas Advogados;2026-04-27;2026;2026-08-12;Audiência de instrução realizada - Local SALA 300 VIRTUAL - JEC - 10/08/2026 16:00. Refer. Evento 29;https://eproc1g.tjrs.jus.br/eproc/controlador.php?acao=processo_selecionar&acao_origem=processo_consultar&acao_retorno=processo_consultar&num_processo=50038991420268210077&hash=dd07a1e33838c064e48ac80da9e02e23
3000385-97.2026.8.06.0144;CE;Pentecoste;NAZIRA GUIMARAES PAIVA;BANCO AGIBANK S.A;Banco Agibank;Comarca de Pentecoste;PJE TJCE;;JOSELTON CALMON BRAZ CORREIA;2026-04-23;2026;2026-08-11;Confirmada a comunicação eletrônica;
5001014-05.2026.8.13.0512;MG;Pirapora;JOSE CARLOS VIRGINIO;FACTA SEGURADORA S/A;Outros;Unidade Jurisdicional da Comarca de Pirapora;PJE TJMG;;Calmon & Freitas Advogados;2026-02-19;2026;2026-08-11;<strong></strong><BR>{SrAdvogado}Sr. Advogado, PROCESSOS ELETRÔNICOS (PJE) Publicações sem efeito intimatório. Expediente de 10/08/2026 Expediente de 10/08/2026 Segue relação de processos eletrônicos ;
3000920-47.2026.8.06.0137;CE;Pacatuba;UVANGLEISON TEIXEIRA DA SILVA;BANCO PAN S.A.;Banco Pan;Comarca de Pacatuba;PJE TJCE;;JOSELTON CALMON BRAZ CORREIA;2026-04-13;2026;2026-08-10;Uvangleison x Banco PAN - Realizado.;
1003015-88.2026.8.13.0105;MG;Governador Valadares;TEREZINHA FERREIRA DOS SANTOS;Não informada;Outros;Juízo da 1ª Unidade Jurisdicional - 2º JD da Comarca de Governador Valadares;EPROC TJMG;LIMINAR DEFERIDA;Calmon & Freitas Advogados;2026-02-12;2026;2026-08-10;Processo Suspenso por Incidente de Resolução de Demandas Repetitivas;https://eproc1g.tjmg.jus.br/eproc/
5003035-44.2025.8.13.0267;MG;Francisco Sá;EMERSON LEONARDO GONCALVES SILVA;BANCO PAN S.A.;Banco Pan;Juizado Especial da Comarca de Francisco Sá;PJE TJMG;;Calmon & Freitas Advogados;2025-11-14;2025;2026-08-10;<strong></strong><BR>{SrAdvogado}Sr. Advogado, PROCESSOS ELETRÔNICOS (PJE) Decisões Expediente de 09/08/2026 Expediente de 09/08/2026{\SrAdvogado} .<br/> 0000 - [CÍVEL] PROCEDIMENTO DO JUIZADO ESPECIA;
8001656-35.2025.8.05.0042;BA;Canarana;ERNESTO MARTINS NETO;BANCO AGIBANK S.A;Banco Agibank;V DOS FEITOS DE REL DE CONS CIV E COM. CANARANA;—;;Calmon & Freitas Advogados;2025-10-19;2025;2026-08-10;<strong></strong><BR><br/>Publicação <br/>Processo: 8001656-35.2025.8.05.0042 <br/>Órgão: V DOS FEITOS DE REL DE CONS CIV E COM. CANARANA <br/>Data de disponibilização: 10/08/2026 <br/>Tipo de comunic;
3000754-61.2026.8.06.6071;CE;Crato;JOANA DARC DE SOUZA MOREIRA;BANCO AGIBANK S.A;Banco Agibank;Comarca de Crato - Juizados Especiais Cíveis e Criminais;PJE TJCE;;Calmon & Freitas Advogados;2026-05-21;2026;2026-08-07;Conclusos para julgamento;
8155558-34.2025.8.05.0001;BA;Salvador;ALIRIO SOARES VIANA;BANCO BRADESCO SA;Bradesco;17ª VARA DE RELAÇÕES DE CONSUMO DA COMARCA DE SALVADOR;PJE TJBA;;Calmon & Freitas Advogados;2025-08-24;2025;2026-08-07;Juntada de Petição de informação 2º grau;
3006115-20.2026.8.06.0167;CE;Sobral;MARIA THALIA OLIVEIRA BASILIO;BANCO PAN S.A.;Banco Pan;Comarca de Sobral;PJE TJCE;;JOSELTON CALMON BRAZ CORREIA;2026-07-10;2026;2026-08-06;Decorrido prazo de MARIA THALIA OLIVEIRA BASILIO em 05/08/2026 23:59.;
8001074-65.2024.8.05.0108;BA;Iraquara;RAIMUNDO ALMEIDA ALVES;FABIO RICARDO FERREIRA MOURA - CPF: 022.849.585-75;Outros;V DOS FEITOS DE REL DE CONS CIV E COMERCIAIS DE IRAQUARA;PJE TJBA;;Calmon & Freitas Advogados;2024-08-19;2024;2026-08-06;<strong></strong><BR><br/>Publicação <br/>Processo: 8001074-65.2024.8.05.0108 <br/>Órgão: V DOS FEITOS DE REL DE CONS CIV E COMERCIAIS DE IRAQUARA <br/>Data de disponibilização: 06/08/2026 <br/>Tipo d;
8147266-60.2025.8.05.0001;BA;Salvador;JOSELTON CALMON BRAZ CORREIA;BANCO GM S.A.;Outros;5ª VARA DE RELAÇÕES DE CONSUMO DA COMARCA DE SALVADOR;—;;Calmon & Freitas Advogados;2025-08-13;2025;2026-08-05;Juntada de Petição de contra-razões;
3002544-39.2026.8.06.0297;CE;Núcleo de Justiça 4.0 (virtual);CLAUDIO LEONARDO DA SILVA CASTRO;BANCO AGIBANK S.A;Banco Agibank;Núcleo de Justiça 4.0;PJE TJCE;;Calmon & Freitas Advogados;2026-03-25;2026;2026-08-04;Juntada de Petição de Petição (outras);
3015616-53.2026.8.06.6001;CE;Fortaleza;DALVILENE DOS SANTOS VIEIRA DIAS;BANCO AGIBANK S.A;Banco Agibank;Comarca de Fortaleza - Juizados Especiais Cível, Criminal e da Fazenda Pública;PJE TJCE;;JOSELTON CALMON BRAZ CORREIA;2026-04-24;2026;2026-08-04;Alterado o assunto processual;
3002707-19.2026.8.06.0297;CE;Núcleo de Justiça 4.0 (virtual);ANA CRISTINA DE ALBUQUERQUE FRANKLIN;BANCO PAN S.A.;Banco Pan;Núcleo de Justiça 4.0;PJE TJCE;;Calmon & Freitas Advogados;2026-03-30;2026;2026-08-04;Conclusos para despacho;
0000708-45.2026.8.17.2021;PE;Núcleo de Justiça 4.0 (virtual);ANDERSON DE ALMEIDA ESTEVAO;BANCO AGIBANK S.A;Banco Agibank;Núcleo de Justiça 4.0 - de Saúde da Infância e Juventude;PJE TJPE;;JOSELTON CALMON BRAZ CORREIA;2026-04-06;2026;2026-08-04;Conclusos para julgamento;
5014849-33.2026.8.21.2001;RS;Porto Alegre;NILTON BARBOZA;BANCO AGIBANK S.A;Banco Agibank;1º Juízo da 1ª Vara Cível do Foro Regional da Zona Norte da Comarca de Porto Alegre;EPROC TJRS;;JOSELTON CALMON BRAZ CORREIA;2026-07-14;2026;2026-08-03;"ENCAMINHADO PARA PROTOCOLO EM 03/08 - prazo de 15 (quinze) dias, junte aos autos cópia da declaração de bens/imposto de renda atualizada, emitida junto ao site da Receita Federal.
";https://eproc1g.tjrs.jus.br/eproc/controlador.php?acao=processo_selecionar&acao_origem=processo_consultar&acao_retorno=processo_consultar&num_processo=50148493320268212001&hash=a6c9e854f02cc2963bdec4fc72b07b0a
8074227-35.2022.8.05.0001;BA;Salvador;DANIELA SANTANA DE OLIVEIRA;CNK ADMINISTRADORA DE CONSORCIO LTDA.;Outros;1ª VARA DE RELAÇÕES DE CONSUMO DA COMARCA DE SALVADOR;—;;Calmon & Freitas Advogados;2022-05-29;2022;2026-08-03;Remetidos os Autos (em grau de recurso) para o 2º Grau;
5002886-70.2025.8.21.0123;RS;Santo Augusto;EUNICE MAURENTE RIBEIRO;BANCO BMG S A;Banco BMG;Juízo do Juizado Especial Cível Adjunto da Comarca de Santo Augusto;EPROC TJRS;LIMINAR DEFERIDA;Calmon & Freitas Advogados;2025-09-26;2025;2026-08-03;Conclusos para decisão/despacho;https://eproc1g.tjrs.jus.br/eproc/controlador.php?acao=processo_selecionar&acao_origem=processo_consultar&acao_retorno=processo_consultar&num_processo=50028867020258210123&hash=6b7db6552cfa6b517d6618929e908490
0018248-88.2026.8.05.0001;BA;Salvador;VIVIANE RODRIGUES CAMPOS DE MENESES;AMAZON SERVICOS DE VAREJO DO BRASIL LTDA;Outros;4ª VSJE DO CONSUMIDOR (VESPERTINO);PROJUDI TJBA;;Calmon & Freitas Advogados;2026-01-29;2026;2026-08-03;Diligenciar expedição de alvará;
3000153-93.2026.8.06.0012;CE;Fortaleza;JOSEFA MARTINS DA SILVA;BANCO BMG SA;Banco BMG;Comarca de Fortaleza - 19ª Unidade do Juizado Especial Cível;PJE TJCE;;Calmon & Freitas Advogados;2026-01-27;2026;2026-08-01;Decorrido prazo de JOSEFA MARTINS DA SILVA em 27/07/2026 23:59.;
0002376-30.2026.8.16.0097;PR;Ivaiporã;DORIVAL FRANCISCO DA SILVA;BANCO BMG S A;Banco BMG;Juizado Especial Cível de Ivaiporã;PROJUDI TJPR;;JOSELTON CALMON BRAZ CORREIA;2026-05-15;2026;2026-07-31;Dorival x Agibank - Realizado.;
1004274-42.2025.4.01.3300;BA;Salvador;LIDIA VANIZIA COVA FERREIRA;INSTITUTO NACIONAL DO SEGURO SOCIAL - INSS;INSS;15ª Vara Federal de Juizado Especial Cível da SJBA;PJE TRF1;;Calmon & Freitas Advogados;2025-01-25;2025;2026-07-31;Juntada de Informação;
3002745-88.2026.8.06.6001;CE;Fortaleza;GETIANE DE SOUZA SILVA;BANCO PAN S.A.;Banco Pan;Comarca de Fortaleza - Juizados Especiais Cível, Criminal e da Fazenda Pública;PJE TJCE;;Calmon & Freitas Advogados;2026-02-16;2026;2026-07-31;Decorrido prazo de BANCO PAN S.A. em 30/07/2026 23:59.;
3000451-38.2026.8.06.6171;CE;Tauá;NATAN DA TRINDADE;BANCO AGIBANK S.A;Banco Agibank;Comarca de Tauá - Juizados Especiais Cíveis e Criminais;PJE TJCE;;JOSELTON CALMON BRAZ CORREIA;2026-04-28;2026;2026-07-31;Juntada de Petição de Contra-razões;
3001961-95.2026.8.06.0154;CE;Quixeramobim;MARIA JOSE TELIS DE LIMA;BANCO AGIBANK S.A;Banco Agibank;Comarca de Quixeramobim;PJE TJCE;;JOSELTON CALMON BRAZ CORREIA;2026-06-25;2026;2026-07-31;Maria x Agibank - Realizado.;
50112220820268210033;RS;São Leopoldo;ALAIDO HENRIQUE KERN;BANCO AGIBANK S.A;Banco Agibank;Juízo do Juizado Especial Cível da Comarca de São Leopoldo;EPROC TJRS;;JOSELTON CALMON BRAZ CORREIA;2026-05-04;2026;2026-07-30;Alaildo x Agibank - Realizado: Solicitamos a remarcação.;https://eproc1g.tjrs.jus.br/eproc/controlador.php?acao=processo_selecionar&acao_origem=processo_consultar&acao_retorno=processo_consultar&num_processo=50112220820268210033&hash=b53d41184a92ba9f56676ac855b6174d
0106931-04.2026.8.05.0001;BA;Salvador;JULIETA FERREIRA;BANCO AGIBANK S.A;Banco Agibank;9ª VSJE DO CONSUMIDOR (MATUTINO);PROJUDI TJBA;;JOSELTON CALMON BRAZ CORREIA;2026-05-19;2026;2026-07-30;ENCAMINHADO PARA PROTOCOLO - RECURSO INOMINADO;
3002337-40.2026.8.06.0297;CE;Núcleo de Justiça 4.0 (virtual);JOSE NAZARENO OLIVEIRA BEZERRA;BANCO OLE BONSUCESSO CONSIGNADO S.A.;Banco Olé;Núcleo de Justiça 4.0;PJE TJCE;;Calmon & Freitas Advogados;2026-03-19;2026;2026-07-30;Alterado o assunto processual;
3014759-62.2026.8.06.0001;CE;Fortaleza;MARINA DARA SILVA GOMES;BANCO PAN S.A.;Banco Pan;Comarca de Fortaleza;PJE TJCE;;Calmon & Freitas Advogados;2026-02-21;2026;2026-07-29;Juntada de Petição de petição;
8085781-25.2026.8.05.0001;BA;Salvador;MARTA MARIA DE FREITAS VERDE;ESTADO DA BAHIA;Outros;6ª V DA FAZENDA PÚBLICA DE SALVADOR;—;PRO BONO - RAFAEL;Calmon & Freitas Advogados;2026-05-06;2026;2026-07-29;Juntada de Petição de petição;
50322118520258240033;SC;Itajaí;AMANDA BORGES DE SOUZA;BANCO AGIBANK S.A;Banco Agibank;Juízo do Juizado Especial Cível da Comarca de Itajaí;EPROC TJSC;;Calmon & Freitas Advogados;2025-11-18;2025;2026-07-29;Conclusos para julgamento;https://eprocwebcon.tjsc.jus.br/consulta1g/externo_controlador.php?acao=processo_seleciona_publica&num_processo=50322118520258240033&eventos=true&num_chave=&num_chave_documento=
0801284-72.2026.8.19.0073;RJ;Guapimirim;FLAVIA LEAL ASSUMPCAO;TAM LINHAS AEREAS S/A.;Outros;Juizado Especial Adjunto Cível da Comarca de Guapimirim;—;;Calmon & Freitas Advogados;2026-07-20;2026;2026-07-28;Disponibilizado no DJ Eletrônico em 27/07/2026;
3000919-62.2026.8.06.0137;CE;Pacatuba;UVANGLEISON TEIXEIRA DA SILVA;BANCO PAN S.A.;Banco Pan;Comarca de Pacatuba;PJE TJCE;;JOSELTON CALMON BRAZ CORREIA;2026-04-13;2026;2026-07-27;<strong></strong><BR>Publicação <br/>Processo: 3000919-62.2026.8.06.0137 <br/>Órgão: 3º Gabinete da 1ª Turma Recursal <br/>Data de disponibilização: 27/07/2026 <br/>Tipo de comunicação: Intimação <br/;
10005207820258130114;MG;Ibirité;MARIA DE LURDES MOURA MAFFRA;BANCO AGIBANK S.A;Banco Agibank;Juízo da Unidade Jurisdicional Única do Juizado Especial de Ibirité;—;;JOSELTON CALMON BRAZ CORREIA;2025-11-28;2025;2026-07-25;Decorrido prazo - Refer. ao Evento: 17;None
5003374-60.2026.8.21.0003;RS;Alvorada;EDER GUARAGNI;BANCO PAN S.A.;Banco Pan;Juízo do Juizado Especial Cível da Comarca de Alvorada;EPROC TJRS;;Calmon & Freitas Advogados;2026-02-24;2026;2026-07-24;Remetidos os Autos em grau de recurso para TR - Órgão Julgador: POA02TRCV4;https://eproc1g.tjrs.jus.br/eproc/controlador.php?acao=processo_selecionar&acao_origem=processo_consultar&acao_retorno=processo_consultar&num_processo=50033746020268210003&hash=70c65df76c9b6ec983233c72e7874e10
0160144-22.2026.8.05.0001;BA;Salvador;RESIDENCIAL BUZIOS;IZA MONTINELLI F. BEZERRA;Outros;1ª VSJE DE CAUSAS COMUNS (MATUTINO);—;;Calmon & Freitas Advogados;2026-07-24;2026;2026-07-24;"N° 4
Conclusos para Desp. Inic. Exec. ExtraJudicial ou Monitória 
Conclusos para Desp. Inic. Exec. ExtraJudicial ou Monitória
Movimentado por: SISTEMA CNJ";
5002528-23.2026.8.21.0042;RS;Canguçu;MARCIO MOIZES BORGES DE CASTRO;BANCO AGIBANK S.A;Banco Agibank;Juízo do Juizado Especial Cível Adjunto da Comarca de Canguçu;EPROC TJRS;;JOSELTON CALMON BRAZ CORREIA;2026-06-25;2026;2026-07-22;FAZER PROTOCOLO - Intime-se a parte autora para anexar aos autos comprovante de residência em seu nome.;https://eproc1g.tjrs.jus.br/eproc/controlador.php?acao=processo_selecionar&acao_origem=processo_consultar&acao_retorno=processo_consultar&num_processo=50025282320268210042&hash=0ef5faf51c4858c461d1142b5214b099
0007065-61.2026.8.05.0150;BA;Lauro de Freitas;MARCOS ELIAS DOS SANTOS MAIA;MOO VIAGENS LTDA;Outros;2ª Vara do Sistema dos Juizados - LAURO DE FREITAS;PROJUDI TJBA;;JOSELTON CALMON BRAZ CORREIA;2026-05-05;2026;2026-07-22;"N° 37
Juntada de Petição de Substabelecimento 
Juntada de Petição de Substabelecimento
Movimentado por: RENATA AMOEDO CAVALCANTE SAPUCAIA";
3001196-30.2026.8.06.6167;CE;Sobral;MARIA STELA RIBEIRO DE MARIA;BANCO AGIBANK S.A;Banco Agibank;Comarca de Sobral - Juizados Especiais Cíveis e Criminais;PJE TJCE;;JOSELTON CALMON BRAZ CORREIA;2026-05-08;2026;2026-07-21;Maria Stela x Agibank - Realizado.;
3002532-27.2026.8.06.0167;CE;Sobral;M. T. O. B.;FACTA FINANCEIRA S.A. CREDITO, FINANCIAMENTO E INVESTIMENTO;Outras financeiras;Comarca de Sobral;PJE TJCE;;Calmon & Freitas Advogados;2026-03-19;2026;2026-07-21;Conclusos para decisão;
3000528-64.2026.8.06.0119;CE;Maranguape;ANA CRISTINA DE ALBUQUERQUE FRANKLIN;BANCO BMG SA;Banco BMG;Comarca de Maranguape;PJE TJCE;;Calmon & Freitas Advogados;2026-03-06;2026;2026-07-21;Remetidos os Autos (outros motivos) para Gabinete de Origem;
5004913-52.2026.8.21.0006;RS;Cachoeira do Sul;ANDERSON GUSMÃO DE MORAES;BANCO AGIBANK S.A;Banco Agibank;Juízo do Juizado Especial Cível da Comarca de Cachoeira do Sul;EPROC TJRS;;JOSELTON CALMON BRAZ CORREIA;2026-05-13;2026;2026-07-20;Anderson x Agibank - Realizado: Audiência realizada.;https://eproc1g.tjrs.jus.br/eproc/controlador.php?acao=processo_selecionar&acao_origem=processo_consultar&acao_retorno=processo_consultar&num_processo=50049135220268210006&hash=333f5ab58f489cf099a7adad8d725694
3002212-72.2026.8.06.0297;CE;Núcleo de Justiça 4.0 (virtual);FABRICIO DEIVID DA SILVA GOMES;BANCO BMG SA;Banco BMG;Núcleo de Justiça 4.0;PJE TJCE;;Calmon & Freitas Advogados;2026-03-16;2026;2026-07-18;Conclusos para julgamento;
8001047-29.2026.8.05.0200;BA;Pojuca;JOSENEI OLIVEIRA DOS SANTOS;BANCO AGIBANK S.A;Banco Agibank;V DOS FEITOS DE REL DE CONS CIV E COMERCIAIS DE POJUCA;PJE TJBA;;Calmon & Freitas Advogados;2026-06-16;2026;2026-07-17;Conclusos para decisão;
5985499-05.2025.8.09.0173;GO;São Simão;Suely Alves Da Costa;BANCO BMG S A;Banco BMG;São Simão - Juizado Especial Cível;PROJUDI TJGO;;Calmon & Freitas Advogados;2025-11-27;2025;2026-07-17;"Despacho -> Suspensão ou Sobrestamento 
                                                    Processo Suspenso ou Sobrestado por Recurso Repetitivo / Recurso de Repercussão Geral - Usuário: Mateus de A";
8181662-63.2025.8.05.0001;BA;Salvador;RAFAEL FREITAS ARAUJO;SOCIEDADE DE ENSINO SUPERIOR ESTACIO DE SA LTDA;Outros;10ª VARA DE RELAÇÕES DE CONSUMO DA COMARCA DE SALVADOR;PJE TJBA;;Calmon & Freitas Advogados;2025-09-23;2025;2026-07-16;Conclusos para despacho;
0076766-71.2026.8.05.0001;BA;Salvador;ALINE EGLANTIER BRAZ CORREIA;CLARO S.A.;Outros;13ª VSJE DO CONSUMIDOR (MATUTINO);PROJUDI TJBA;PRO BONO - JOSELTON;JOSELTON CALMON BRAZ CORREIA;2026-04-13;2026;2026-07-15;<strong></strong><BR><br/>Publicação <br/>Processo: 0076766-71.2026.8.05.0001 <br/>Órgão: 13ª VSJE DO CONSUMIDOR (MATUTINO) <br/>Data de disponibilização: 15/07/2026 <br/>Tipo de comunicação: Intimaçã;
8001663-17.2026.8.05.0228;BA;Santo Amaro;IVANILDO SILVA;BANCO AGIBANK S.A;Banco Agibank;V DOS FEITOS DE REL DE CONS CIV E COMERCIAIS DE SANTO AMARO;PJE TJBA;;JOSELTON CALMON BRAZ CORREIA;2026-05-25;2026;2026-07-14;Conclusos para julgamento;
4004710-08.2026.8.26.0576;SP;São José do Rio Preto;MARIA DE FATIMA FERREIRA LOPES;BANCO BMG S A;Banco BMG;Juízo Titular I - 1ª Vara do Juizado Especial Cível da Comarca de São José do Rio Preto;—;;Calmon & Freitas Advogados;2026-02-14;2026;2026-07-14;"Decorrido prazo - Refer. aos Eventos: 57 e 58
Usuário: SECFP";https://eproc-consulta.tjsp.jus.br/consulta_1g/externo_controlador.php?acao=tjsp@consulta_publica_eproc/exibir_processo&acao_origem=tjsp@consulta_publica_eproc/consultar&acao_retorno=tjsp@consulta_publica_eproc/consultar&num_processo=40047100820268260576
0030055-08.2026.8.05.0001;BA;Salvador;MARIA GREICE KAELLY SANTOS;BANCO PAN S A;Banco Pan;13ª VSJE DO CONSUMIDOR (MATUTINO);—;;Calmon & Freitas Advogados;2026-02-13;2026;2026-07-13;"N° 26
Disponibilização no Diário da Justiça Eletrônico - DJEN 
Disponibilização no Diário da Justiça Eletrônico - DJEN
Disponibilização no Diário da Justiça Eletrônico em (15/07/26) para BANCO PAN S A";
5019002-53.2026.8.21.0015;RS;Gravataí;PATRICIA GALGARO;BANCO AGIBANK S.A;Banco Agibank;Juízo do Juizado Especial Cível da Comarca de Gravataí;EPROC TJRS;;JOSELTON CALMON BRAZ CORREIA;2026-06-25;2026;2026-07-13;"PROCURAÇÃO
Usuário: MG099054";https://eproc1g.tjrs.jus.br/eproc/controlador.php?acao=processo_selecionar&acao_origem=processo_consultar&acao_retorno=processo_consultar&num_processo=50190025320268210015&hash=ab245bf2b186db516ead6a201d2c29de
50010304020268210122;RS;Santo Antônio das Missões;MICHELE CRUZ DA SILVA;BANCO AGIBANK S.A;Banco Agibank;Juízo do Juizado Especial Cível Adjunto da Comarca de Santo Antônio das Missões;EPROC TJRS;;JOSELTON CALMON BRAZ CORREIA;2026-06-25;2026;2026-07-12;"Confirmada a intimação eletrônica
Usuário: SECJE";https://eproc1g.tjrs.jus.br/eproc/controlador.php?acao=processo_selecionar&acao_origem=processo_consultar&acao_retorno=processo_consultar&num_processo=50010304020268210122&hash=2c659ebe69fc4f261ae43202e59f9eac
5004000-90.2026.8.21.0064;RS;Santiago;INA PESSOA DE LIMA;BANCO AGIBANK S.A;Banco Agibank;Juízo do Juizado Especial Cível Adjunto da Comarca de Santiago;EPROC TJRS;;JOSELTON CALMON BRAZ CORREIA;2026-05-25;2026;2026-07-12;"Juntada de Áudio/Vídeo
Usuário: SISJUVA";https://eproc1g.tjrs.jus.br/eproc/controlador.php?acao=processo_selecionar&acao_origem=processo_consultar&acao_retorno=processo_consultar&num_processo=50040009020268210064&hash=f0ab8f7d1ec2d323eebc09adb6a9922e
3001045-64.2026.8.06.6167;CE;Sobral;FRANCISCA RODRIGUES DE LIMA;BANCO AGIBANK S.A;Banco Agibank;Comarca de Sobral - Juizados Especiais Cíveis e Criminais;PJE TJCE;;JOSELTON CALMON BRAZ CORREIA;2026-04-28;2026;2026-07-10;Francisca x Agibank - Realizado.;
5021035-92.2026.8.21.0022;RS;Pelotas;RAQUEL DOS SANTOS CARDOSO;BANCO AGIBANK S.A;Banco Agibank;Juízo do Juizado Especial Cível da Comarca de Pelotas;EPROC TJRS;;JOSELTON CALMON BRAZ CORREIA;2026-05-25;2026;2026-07-10;"Decorrido prazo
Usuário: SECFP";https://eproc1g.tjrs.jus.br/eproc/controlador.php?acao=processo_selecionar&acao_origem=processo_consultar&acao_retorno=processo_consultar&num_processo=50210359220268210022&hash=30f826025686e9128dd7aaf7d4258a27
5005512-78.2025.8.13.0319;MG;Itabirito;REJAINE MARIA DAS DORES BARBOSA;FACTA FINANCEIRA S.A. CREDITO, FINANCIAMENTO E INVESTIMENTO;Outras financeiras;1º Juizado Especial da Comarca de Itabirito;PJE TJMG;;Calmon & Freitas Advogados;2025-11-28;2025;2026-07-09;Decorrido prazo de FACTA FINANCEIRA S.A. CREDITO, FINANCIAMENTO E INVESTIMENTO em 08/07/2026 23:59.;
5007212-12.2026.8.21.0035;RS;Sapucaia do Sul;PATRICIA MATTANA LINHARES;BANCO AGIBANK S.A;Banco Agibank;Juízo do Juizado Especial Cível da Comarca de Sapucaia do Sul;EPROC TJRS;;JOSELTON CALMON BRAZ CORREIA;2026-05-26;2026;2026-07-09;Patricia x Agibank - Realizado.;https://eproc1g.tjrs.jus.br/eproc/controlador.php?acao=processo_selecionar&acao_origem=processo_consultar&acao_retorno=processo_consultar&num_processo=50072121220268210035&hash=5d64a6c6f4c6e2103cc798ca2361875c
5071857-41.2025.8.13.0702;MG;Uberlândia;CELMA MARIA DE ARAUJO;BANCO BMG S A;Banco BMG;1ª Unidade Jurisdicional - 2º JD da Comarca de Uberlândia;PJE TJMG;LIMINAR DEFERIDA;Calmon & Freitas Advogados;2025-10-29;2025;2026-07-07;Juntada de Petição de petição;
3002206-65.2026.8.06.0297;CE;Núcleo de Justiça 4.0 (virtual);LUIZ CARLOS FERREIRA;BANCO BMG SA;Banco BMG;Núcleo de Justiça 4.0;PJE TJCE;;Calmon & Freitas Advogados;2026-03-16;2026;2026-07-07;Juntada de Petição de Petição (outras);
1000500-57.2025.8.13.0027;MG;Betim;JULIANA DE SOUZA SILVA;BANCO BMG S A;Banco BMG;Juízo da Unidade Jurisdicional Única do Juizado Especial - 2º JD da Comarca de Betim;EPROC TJMG;;Calmon & Freitas Advogados;2025-10-06;2025;2026-07-06;SUBSTABELECIMENTO SEM RESERVA - (SC015762 - PEDRO MIRANDA DE OLIVEIRA para MG126663 - FELIPE MUDESTO GOMES);None
0001220-14.2026.8.05.0032;BA;Brumado;ANA LUCIA DA SILVA NOVAES;BANCO AGIBANK S.A;Banco Agibank;Vara do Sistema dos Juizados - BRUMADO;PROJUDI TJBA;;JOSELTON CALMON BRAZ CORREIA;2026-04-28;2026;2026-07-02;"N° 56
Decorrido prazo de BANCO AGIBANK S.A 
Decorrido prazo de BANCO AGIBANK S.A
*Referente ao evento Procedência em Parte(01/06/26). Prazo: 10 dias; Último dia de prazo 01/07/26
Movimentado por: SIST";
10914996520258130024;MG;Belo Horizonte;VITÓRIA SOARES RODRIGUES;BANCO BMG S A;Banco BMG;Juízo da 2ª Unidade Jurisdicional Cível - 4º JD da Comarca de Belo Horizonte;—;;Calmon & Freitas Advogados;2025-11-19;2025;2026-06-26;PROCURAÇÃO - BANCO BMG S.A (MG151701 - RAFAEL RAMOS ABRAHAO);None
1000006-83.2026.8.13.0440;MG;Mutum;TALIANE GONCALVES DOS SANTOS SILVA;BANCO BMG S A;Banco BMG;Juízo da Vara Única da Comarca de Mutum;EPROC TJMG;;Calmon & Freitas Advogados;2026-01-06;2026;2026-06-26;PROCURAÇÃO - BANCO BMG S.A (MG151701 - RAFAEL RAMOS ABRAHAO);None
0805020-41.2023.8.19.0029;RJ;Magé;VICTOR ALVES VIVAS;AMPLA ENERGIA E SERVIÇOS S.A.;Outros;1ª Vara Cível da Comarca de Magé;—;;Calmon & Freitas Advogados;2023-07-10;2023;2026-06-24;Juntada de Petição de petição;
1000106-97.2025.8.13.9000;MG;Belo Horizonte;JUÍZO DA 1ª UNIDADE JURISDICIONAL CÍVEL - 2º JD DA COMARCA DE BELO HORIZONTE;JUÍZO DA 4ª UNIDADE JURISDICIONAL CÍVEL - 12º JD DA COMARCA DE BELO HORIZONTE;Outros;Juízo do 3º Titular TR - Belo Horizonte, Betim e Contagem [CÍVEL];—;;Calmon & Freitas Advogados;2025-12-04;2025;2026-06-22;Baixa Definitiva;None
5002440-85.2026.8.21.0138;RS;Tenente Portela;VALDIR MARTENS;BANCO AGIBANK S.A;Banco Agibank;Juízo do Juizado Especial Cível Adjunto da Comarca de Tenente Portela;EPROC TJRS;;JOSELTON CALMON BRAZ CORREIA;2026-06-01;2026;2026-06-22;"CONTESTAÇÃO
Usuário: RJ164272";https://eproc1g.tjrs.jus.br/eproc/controlador.php?acao=processo_selecionar&acao_origem=processo_consultar&acao_retorno=processo_consultar&num_processo=50024408520268210138&hash=04717cb51f97251f3e1e63990552d5ed
0810228-13.2026.8.15.2001;PB;João Pessoa;PAULA FRANCINETE DOS SANTOS;BANCO PAN;Banco Pan;6º JUIZADO ESPECIAL CÍVEL DE JOÃO PESSOA;—;;Calmon & Freitas Advogados;2026-02-12;2026;2026-06-20;Decorrido prazo de PAULA FRANCINETE DOS SANTOS em 19/06/2026 23:59.;
1004319-90.2026.8.13.0245;MG;Santa Luzia;AMILTON EDUARDO MIRANDA;BANCO AGIBANK S.A;Banco Agibank;Juízo da 1ª Vara Cível da Comarca de Santa Luzia;EPROC TJMG;;JOSELTON CALMON BRAZ CORREIA;2026-05-06;2026;2026-06-20;Decorrido prazo - Refer. ao Evento: 9;None
3001304-30.2026.8.06.6112;CE;Juazeiro do Norte;A. C. R. D. S.;FACTA FINANCEIRA S.A. CREDITO, FINANCIAMENTO E INVESTIMENTO;Outras financeiras;Comarca de Juazeiro do Norte - Juizados Especiais Cíveis e Criminais;PJE TJCE;;JOSELTON CALMON BRAZ CORREIA;2026-05-07;2026;2026-06-18;Juntada de Certidão;
3002414-09.2026.8.06.6001;CE;Fortaleza;JORGE LUIS SILVA DE OLIVEIRA;BANCO PAN S.A.;Banco Pan;Comarca de Fortaleza - Juizados Especiais Cível, Criminal e da Fazenda Pública;PJE TJCE;LIMINAR DEFERIDA;Calmon & Freitas Advogados;2026-02-13;2026;2026-06-18;Publicado Intimação em 18/06/2026. Documento: 206776575;
8002434-85.2026.8.05.0004;BA;Alagoinhas;GILMAR DOS SANTOS;BANCO BRADESCO SA;Bradesco;1ª V DOS FEITOS DE REL. DE CONS. CIVEIS E COMERCIAIS DE ALAGOINHAS;PJE TJBA;;Calmon & Freitas Advogados;2026-03-11;2026;2026-06-17;Acompanhar a remessa dos autos para a comarca de IRARÁ/BA;
1012413-14.2026.8.13.0702;MG;Uberlândia;DIVINO ANTONIO ROSA;Não informada;Outros;Juízo da 2ª Unidade Jurisdicional do Juizado Especial - 4º JD da Comarca de Uberlândia;EPROC TJMG;;Calmon & Freitas Advogados;2026-03-16;2026;2026-06-12;Decorrido prazo - Refer. aos Eventos: 38 e 39;https://eproc1g.tjmg.jus.br/eproc/
0800419-73.2026.8.19.0065;RJ;Vassouras;RANDAL JOSE ROZA;CAPITAL CONSIG SOCIEDADE DE CREDITO DIRETO S.A;Itaú;Juizado Especial Adjunto Cível da Comarca de Vassouras;PJE TJRJ;;JOSELTON CALMON BRAZ CORREIA;2026-04-13;2026;2026-06-10;Decorrido prazo de JOSELTON CALMON BRAZ CORREIA em 09/06/2026 23:59.;
8139872-36.2024.8.05.0001;BA;Salvador;MARIA ODETE FONSECA DE JESUS;BANCO BMG SA;Banco BMG;12ª VARA DE RELAÇÕES DE CONSUMO DA COMARCA DE SALVADOR;—;;Calmon & Freitas Advogados;2024-09-30;2024;2026-06-02;Remetidos os Autos (em grau de recurso) para o 2º Grau;
5012621-90.2025.8.21.0006;RS;Cachoeira do Sul;MARIA JULIA GOMES LISBOA;BANCO SANTANDER;Santander;Juízo do Juizado Especial Cível da Comarca de Cachoeira do Sul;EPROC TJRS;;Calmon & Freitas Advogados;2025-11-14;2025;2026-05-28;Ato ordinatório praticado;https://eproc1g.tjrs.jus.br/eproc/controlador.php?acao=processo_selecionar&acao_origem=processo_consultar&acao_retorno=processo_consultar&num_processo=50126219020258210006&hash=5c772485080ceec14c239b188371c0db
3000023-24.2026.8.06.0006;CE;Fortaleza;FABRICIO DEIVID DA SILVA GOMES;BANCO BMG SA;Banco BMG;Comarca de Fortaleza - 13ª Unidade do Juizado Especial Cível;PJE TJCE;;Calmon & Freitas Advogados;2026-01-12;2026;2026-05-28;Conclusos para decisão;https://pje.tjce.jus.br/pje1grau
3000486-07.2026.8.06.6071;CE;Crato;EDIVAN DE FREITAS FRANCA;BANCO PAN S.A.;Banco Pan;Comarca de Crato - Juizados Especiais Cíveis e Criminais;PJE TJCE;;JOSELTON CALMON BRAZ CORREIA;2026-04-07;2026;2026-05-28;Audiência Conciliação cancelada conduzida por Conciliador(a) em/para 28/05/2026 09:30, Juizado Especial Cível e Criminal da Comarca de Crato.;
5005035-94.2025.8.21.0040;RS;Caçapava do Sul;AFONSO VALDENIR MADRID;BANCO BMG S A;Banco BMG;Juízo do Juizado Especial Cível Adjunto da Comarca de Caçapava do Sul;—;;Calmon & Freitas Advogados;2025-10-11;2025;2026-05-27;<strong></strong><BR><br/>Publicação <br/>Processo: 5005035-94.2025.8.21.0040 <br/>Órgão: Juizado Especial Cível Adjunto da Comarca de Caçapava do Sul <br/>Data de disponibilização: 27/05/2026 <br/>Ti;https://eproc1g.tjrs.jus.br/eproc/controlador.php?acao=processo_selecionar&acao_origem=processo_consultar&acao_retorno=processo_consultar&num_processo=50050359420258210040&hash=03fa57c64275257f7260c02a32d7bf5c
5003875-90.2025.8.13.0740;MG;Juatuba;JONATHA RIBEIRO DOS SANTOS;BANCO BMG S A;Banco BMG;Juizado Especial da Comarca de Juatuba;PJE TJMG;;Calmon & Freitas Advogados;2025-10-19;2025;2026-05-25;Publicado Intimação em 25/05/2026.;
3002021-27.2026.8.06.0297;CE;Núcleo de Justiça 4.0 (virtual);MARIA TALLITA PASSOS DA SILVA;BANCO MAXIMA S.A.;Outros;Núcleo de Justiça 4.0;PJE TJCE;;Calmon & Freitas Advogados;2026-03-11;2026;2026-05-19;Conclusos para despacho;
3002343-47.2026.8.06.0297;CE;Núcleo de Justiça 4.0 (virtual);LUIS ARAUJO GOMES;BANCO BMG SA;Banco BMG;Núcleo de Justiça 4.0;PJE TJCE;;Calmon & Freitas Advogados;2026-03-19;2026;2026-05-19;Decorrido prazo de BANCO BMG SA em 18/05/2026 23:59.;
3002345-17.2026.8.06.0297;CE;Núcleo de Justiça 4.0 (virtual);JULIANE AIRES DA SILVA;BANCO PAN S.A.;Banco Pan;Núcleo de Justiça 4.0;PJE TJCE;;Calmon & Freitas Advogados;2026-03-19;2026;2026-05-19;Decorrido prazo de JULIANE AIRES DA SILVA em 18/05/2026 23:59.;
3000964-18.2026.8.06.6167;CE;Sobral;ALCIANA MARIA DAMASCENO RODRIGUES;BANCO AGIBANK S.A;Banco Agibank;Comarca de Sobral - Juizados Especiais Cíveis e Criminais;PJE TJCE;;JOSELTON CALMON BRAZ CORREIA;2026-04-23;2026;2026-05-11;Publicado Intimação em 11/05/2026. Documento: 202582753;
3000248-88.2026.8.06.6070;CE;Crateús;FRANCISCO JANDERSSON BENTO DA TRINDADE;CAPITAL CONSIG SOCIEDADE DE CREDITO DIRETO S.A;Itaú;Comarca de Crateús - Juizados Especiais Cíveis e Criminais;PJE TJCE;;JOSELTON CALMON BRAZ CORREIA;2026-04-13;2026;2026-05-08;Francisco x Capital Consig - Realizado.;
3002980-95.2026.8.06.0297;CE;Núcleo de Justiça 4.0 (virtual);ANTONIA DE FATIMA ROSENDO;BANCO AGIBANK S.A;Banco Agibank;Núcleo de Justiça 4.0;PJE TJCE;;JOSELTON CALMON BRAZ CORREIA;2026-04-07;2026;2026-05-06;REPROTOCOLAR NO MUNICIPIO DO COMPROVANTE;
8000182-75.2016.8.05.0161;BA;Maragogipe;TANEA REGINA LACERDA DOS SANTOS;DOMINGOS SANTANA DOS SANTOS - CPF: 013.552.945-09;Outros;V DOS FEITOS DE REL DE CONS CIV E COMERCIAIS DE MARAGOGIPE;—;;Calmon & Freitas Advogados;2016-04-29;2016;2026-05-05;Decorrido prazo de ALBENZIO PEREIRA DE JESUS em 22/05/2023 23:59.;
0014137-06.2026.8.25.0001;SE;Não informada;CHAMONIKE SILVA LIMA;BANCO PAN;Banco Pan;—;—;;Calmon & Freitas Advogados;2026-02-27;2026;2026-04-29;"Disponibilizacao no diario de justica eletronico
Descrição: Foi disponibilizado no Diario de Justica Eletronico Nacional (DJEN), no dia 29/04/2026, o movimento registrado no dia 27/04/2026, as 10:31:1";
3002527-05.2026.8.06.0167;CE;Sobral;M. T. O. B.;BANCO PAN S.A.;Banco Pan;Comarca de Sobral;PJE TJCE;;Calmon & Freitas Advogados;2026-03-19;2026;2026-04-29;Publicado Decisão em 29/04/2026. Documento: 200640113;
3001255-22.2025.8.06.0066;CE;Cedro;FRANCISCA DA SILVA CLEMENTINO;BANCO SANTANDER (BRASIL) S.A.;Santander;Vara Única da Comarca de Cedro;PJE TJCE;;Calmon & Freitas Advogados;2025-11-27;2025;2026-04-28;Conclusos para despacho;
5001590-42.2025.8.21.0081;RS;Arroio Grande;DIULIANE SILVA PEREIRA;BANCO MASTER S/A;Banco Master;Juízo do Juizado Especial Cível Adjunto da Comarca de Arroio Grande;EPROC TJRS;;Calmon & Freitas Advogados;2025-10-29;2025;2026-04-27;Cumprimento de Suspensão ou Sobrestamento;https://eproc1g.tjrs.jus.br/eproc/controlador.php?acao=processo_selecionar&acao_origem=processo_consultar&acao_retorno=processo_consultar&num_processo=50015904220258210081&hash=d628e75daed79312f331f2a9d5dd57df
3002048-02.2025.8.06.0020;CE;Fortaleza;FRANCISCO JOSE TAVARES NETO;CAPITAL CONSIG SOCIEDADE DE CREDITO DIRETO S.A;Itaú;06ª Unidade do Juizado Especial Cível da Comarca de Fortaleza;PJE TJCE;;JOSELTON CALMON BRAZ CORREIA;2025-11-28;2025;2026-04-27;Publicado Intimação em 27/04/2026. Documento: 200977156;
3002047-17.2025.8.06.0020;CE;Fortaleza;FRANCISCO JOSE TAVARES NETO;BANCO AGIBANK S.A;Banco Agibank;06ª Unidade do Juizado Especial Cível da Comarca de Fortaleza;—;;JOSELTON CALMON BRAZ CORREIA;2025-11-28;2025;2026-04-27;Publicado Intimação em 27/04/2026. Documento: 200977150;
3000387-81.2026.8.06.0107;CE;Jaguaribe;VALDELICE RODRIGUES DE SOUSA;BANCO BMG SA;Banco BMG;Comarca de Jaguaribe;—;;Calmon & Freitas Advogados;2026-03-17;2026;2026-04-23;Juntada de certidão de custas - guia vencida;
3002418-93.2025.8.06.0015;CE;Fortaleza;JULIANE AIRES DA SILVA;BANCO PAN S.A.;Banco Pan;02ª Unidade do Juizado Especial Cível da Comarca de Fortaleza;PJE TJCE;;Calmon & Freitas Advogados;2025-12-10;2025;2026-04-22;Conclusos para julgamento;
3002377-29.2025.8.06.0015;CE;Fortaleza;JOSE GUALTER MOURA;BANCO BMG SA;Banco BMG;02ª Unidade do Juizado Especial Cível da Comarca de Fortaleza;PJE TJCE;;Calmon & Freitas Advogados;2025-12-03;2025;2026-04-16;Processo suspenso por Recurso Especial Repetitivo #Oculto#;
3001999-66.2026.8.06.0297;CE;Núcleo de Justiça 4.0 (virtual);MARIA TALLITA PASSOS DA SILVA;BANCO PAN S.A.;Banco Pan;Núcleo de Justiça 4.0;PJE TJCE;;Calmon & Freitas Advogados;2026-03-11;2026;2026-04-15;Maria Talita x Pan - Realizado.;
3002108-80.2026.8.06.0297;CE;Núcleo de Justiça 4.0 (virtual);FRANCISCO BERNARDO DA SILVA;BANCO AGIBANK S.A;Banco Agibank;Núcleo de Justiça 4.0;PJE TJCE;;Calmon & Freitas Advogados;2026-03-13;2026;2026-04-15;Conclusos para decisão;
3002046-32.2025.8.06.0020;CE;Fortaleza;FRANCISCO JOSE TAVARES NETO;BANCO BMG SA;Banco BMG;06ª Unidade do Juizado Especial Cível da Comarca de Fortaleza;PJE TJCE;;JOSELTON CALMON BRAZ CORREIA;2025-11-28;2025;2026-04-08;Processo suspenso por Recurso Especial Repetitivo #Oculto#;
0000087-20.2026.8.25.0083;SE;Não informada;JOSETE DOS SANTOS;BANCO BMG S A;Banco BMG;—;—;;Calmon & Freitas Advogados;2026-01-09;2026;2026-04-06;REPROTOCOLAR - documento atualizado já enviado no grupo de protocolos.;
5010316-69.2025.8.13.0261;MG;Formiga;ANA CARLA PACHECO;BANCO MERCANTIL DO BRASIL SA;Outros;Unidade Jurisdicional da Comarca de Formiga;PJE TJMG;;Calmon & Freitas Advogados;2025-10-29;2025;2026-04-06;<strong></strong><BR>{SrAdvogado}Sr. Advogado, PROCESSOS ELETRÔNICOS (PJE) Expediente de 31/03/2026 Expediente de 31/03/2026 Segue relação de processos eletrônicos nos quais foram enviadas as intimaçõ;
5006655-08.2025.8.13.0512;MG;Pirapora;JOSE CARLOS VIRGINIO;BANCO BMG S A;Banco BMG;Unidade Jurisdicional da Comarca de Pirapora;—;;Calmon & Freitas Advogados;2025-10-06;2025;2026-03-31;Expedição de Certidão Decurso de Prazo.;
5042514-78.2025.8.21.0022;RS;Pelotas;GUILHERME RIBEIRO MENDES;BANCO PAN S.A.;Banco Pan;Juízo do Juizado Especial Cível da Comarca de Pelotas;EPROC TJRS;;Calmon & Freitas Advogados;2025-10-21;2025;2026-03-31;Protocolar descumprimento de acordo  - já enviado no grupo de protocolos.;https://eproc1g.tjrs.jus.br/eproc/controlador.php?acao=processo_selecionar&acao_origem=processo_consultar&acao_retorno=processo_consultar&num_processo=50425147820258210022&hash=cadb75cb8511a7efa517a001b0a23d7b
0003535-11.2026.8.05.0001;BA;Salvador;JACKSON ALVES DE SOUZA;LOCALIZA RENT A CAR;Outros;VSJE;—;;Calmon & Freitas Advogados;2026-01-09;2026;2026-03-25;<strong></strong><BR><br/>Publicação <br/>Processo: 0003535-11.2026.8.05.0001 <br/>Órgão: 13ª VSJE DO CONSUMIDOR (MATUTINO) <br/>Data de disponibilização: 25/03/2026 <br/>Tipo de comunicação: Intimaçã;
8000461-08.2023.8.05.0261;BA;Tucano;MARCOS JOSE DE CARVALHO;BARINAS HOLDINGS S.A.;Outros;VARA DOS FEITOS DE REL DE CONS CÍVEIS E COMERCIAIS DE TUCANO;PJE TJBA;;Calmon & Freitas Advogados;2023-02-20;2023;2026-03-02;Publicado Intimação em 25/03/2025.;
8000931-18.2025.8.05.0213;BA;Ribeira do Pombal;LUNARA MIRANDA REHEM;MOTOS POMBAL LTDA;Outros;1ª V DOS FEITOS RELATIVOS ÀS REL. DE CONSUMO, CÍVEIS, COM, REGISTRO PÚBLICO E ACID DE TRAB. DE RIBEIRA DO POMBAL;PJE TJBA;;Calmon & Freitas Advogados;2025-04-08;2025;2026-02-10;Audiência Audiência de conciliação por vídeoconferência  realizada conduzida por 04/02/2026 13:00 em/para 1ª V DOS FEITOS RELATIVOS ÀS REL. DE CONSUMO, CÍVEIS, COM, REGISTRO PÚBLICO E ACID DE TRAB. DE;https://pje.tjba.jus.br/pje/Painel/painel_usuario/advogado.seam
1014632-25.2023.4.01.3304;BA;Feira de Santana;ANTONIA RITA SANTANA DOS SANTOS;INSTITUTO NACIONAL DO SEGURO SOCIAL - INSS;INSS;Juizado Especial Cível e Criminal Adjunto à 1ª Vara Federal da SSJ de Feira de Santana-BA;—;;Calmon & Freitas Advogados;2023-06-27;2023;2026-02-05;Conclusos para julgamento;
8141609-40.2025.8.05.0001;BA;Salvador;RAFAEL FREITAS ARAUJO;RAFAEL FREITAS ARAUJO - OAB BA66854 - CPF: 013.024.135-03;Itaú;3ª VARA DE FAMILIA DA COMARCA DE SALVADOR;—;;Calmon & Freitas Advogados;2025-08-06;2025;2025-12-05;<strong></strong><BR><br/>Publicação <br/>Processo: 8141609-40.2025.8.05.0001 <br/>Órgão: 3ª VARA DE FAMILIA DA COMARCA DE SALVADOR <br/>Data de disponibilização: 05/12/2025 <br/>Tipo de comunicação: ;
0805299-61.2022.8.19.0029;RJ;Magé;VICTOR ALVES VIVAS;AMPLA ENERGIA E SERVIÇOS S.A.;Outros;1ª Vara Cível da Comarca de Magé;—;;Calmon & Freitas Advogados;2022-11-03;2022;2025-11-04;Publicado Intimação em 03/11/2025.;
0198546-46.2024.8.05.0001;BA;Salvador;ROSA ELVIRA BRAZ CORREIA;UNSBRAS UNIAO DOS SERVIDORES PUBLICOS DO BRASIL;Outros;16ª VSJE DO CONSUMIDOR (VESPERTINO);—;;Calmon & Freitas Advogados;2024-10-06;2024;2025-11-03;<strong></strong><BR><br/>Publicação <br/>Processo: 0198546-46.2024.8.05.0001 <br/>Órgão: 16ª VSJE DO CONSUMIDOR (VESPERTINO) <br/>Data de disponibilização: 03/11/2025 <br/>Tipo de comunicação: Intima;
0150276-88.2024.8.05.0001;BA;Salvador;JOSELTO CALMON CORREIA;ASSOCIACAO BRASILEIRA DE ASSISTENCIA MUTUA AOS SERVIDORES PUBLICOS-ABAMSP;Outros;20ª VSJE DO CONSUMIDOR (VESPERTINO);—;;Calmon & Freitas Advogados;2024-07-28;2024;2025-10-07;PROCESSO ARQUIVADO;
0160027-02.2024.8.05.0001;BA;Salvador;LEDA MARIA CERQUEIRA TEIXEIRA;BANCO PAN S A;Banco Pan;16ª VSJE DO CONSUMIDOR (VESPERTINO);—;;Calmon & Freitas Advogados;2024-08-11;2024;2025-08-28;"N° 25
Juntada de Petição de Substabelecimento 
Juntada de Petição de Substabelecimento
Movimentado por: FELICIANO LYRA MOURA";
1025850-62.2023.4.01.3300;BA;Feira de Santana;ANTONIA NANCI DE JESUS LARANJEIRA;INSTITUTO NACIONAL DO SEGURO SOCIAL - INSS;INSS;Juizado Especial Cível e Criminal Adjunto à 3ª Vara Federal da SSJ de Feira de Santana-BA;—;;Calmon & Freitas Advogados;2024-03-22;2024;2025-08-26;Juntada de Informação;
1017350-92.2023.4.01.3304;BA;Feira de Santana;EDINITA MATEUS DA SILVA;INSTITUTO NACIONAL DO SEGURO SOCIAL - INSS;INSS;Juizado Especial Cível e Criminal Adjunto à 1ª Vara Federal da SSJ de Feira de Santana-BA;—;;Calmon & Freitas Advogados;2023-07-25;2023;2025-08-01;Conclusos para julgamento;
1024371-22.2023.4.01.3304;BA;Feira de Santana;NEIANE SANTOS DO ROSARIO;N. G. D. R. D. S.;Outros;Juizado Especial Cível e Criminal Adjunto à 1ª Vara Federal da SSJ de Feira de Santana-BA;—;;Calmon & Freitas Advogados;2023-09-27;2023;2025-06-12;Conclusos para julgamento;
0045243-75.2025.8.05.0001;BA;Salvador;ODILON SANTANA LUIZ DE ABREU;BANCO C6 S.A.;C6 Bank;13ª VSJE DO CONSUMIDOR (MATUTINO);—;;Calmon & Freitas Advogados;2025-03-17;2025;2025-04-23;PROCESSO ARQUIVADO;
8119979-59.2024.8.05.0001;BA;Salvador;MARIA ODETE FONSECA DE JESUS;BANCO BMG SA;Banco BMG;3ª VARA DE RELAÇÕES DE CONSUMO DA COMARCA DE SALVADOR;—;;Calmon & Freitas Advogados;2024-08-28;2024;2025-02-22;Disponibilizado no DJ Eletrônico em 10/02/2025;
8000144-28.2026.8.05.0124;BA;Itaparica;IEGOR BOMFIM PRAZERES;CONDOMINIO ILHA DOURADA;Outros;V DOS FEITOS DE REL DE CONS CIV E COM. DE ITAPARICA;—;PRO BONO - LARISSA;LARISSA FRONTADO DE SOUZA;2026-01-15;2026;1926-07-09;—;
;;Não informada;LORENA AMANDA CARVALHO OLIVEIRA;LORENA AMANDA CARVALHO OLIVEIRA - CPF: 018.977.715-09;Outros;—;—;;Calmon & Freitas Advogados;2026-05-15;2026;1926-05-15;—;
0131872-52.2025.8.05.0001;BA;Salvador;BEATRIZ FREITAS DA ROCHA SOUZA;OLIVIA SOUZA DOS SANTOS DE ALMEIDA;Outros;VSJE DO CONSUMIDOR (VESPERTINO);—;;LARISSA FRONTADO DE SOUZA;2025-07-25;2025;1925-11-24;—;https://projudi.tjba.jus.br/projudi/
0003784-34.2025.8.05.0150;BA;Não informada;MARTA DE JESUS CUNHA;Não informada;Outros;—;—;;Calmon & Freitas Advogados;2025-08-26;2025;;—;
